"Id((-3.4136034302044043) + (((9.209018372561975e-2) * (Exp((x0)^(2)))) + (((-7.472235794231036) * (Id((x0)^(1)))) + (((0.6300878637897112) * (Sin((x0)^(2)))) + (((5.185317620135145) * (Sin((x0)^(1)))) + (((-2.5840226562836044) * (Id((x0)^(2)))) + ((3.3604610889730644) * (Exp((x0)^(1))))))))))","[-3.4136034302044043,9.209018372561975e-2,-7.472235794231036,0.6300878637897112,5.185317620135145,-2.5840226562836044,3.3604610889730644]","((-3.4136034302044043) + (((9.209018372561975e-2) * (np.exp((x[:,0])**(2)))) + (((-7.472235794231036) * (((x[:,0])**(1)))) + (((0.6300878637897112) * (np.sin((x[:,0])**(2)))) + (((5.185317620135145) * (np.sin((x[:,0])**(1)))) + (((-2.5840226562836044) * (((x[:,0])**(2)))) + ((3.3604610889730644) * (np.exp((x[:,0])**(1))))))))))"

======================================
"Id((-3.4136034302069658) + (((-1.2920113281427577) * (Id((x0)^(2)))) + (((3.3604610889755646) * (Exp((x0)^(1)))) + (((9.209018372567945e-2) * (Exp((x0)^(2)))) + (((0.6300878637902501) * (Sin((x0)^(2)))) + (((-1.2920113281427599) * (Id((x0)^(2)))) + (((5.185317620138415) * (Sin((x0)^(1)))) + (((-3.736117897118374) * (Id((x0)^(1)))) + ((-3.736117897118375) * (Id((x0)^(1))))))))))))","[-3.4136034302069658,-1.2920113281427577,3.3604610889755646,9.209018372567945e-2,0.6300878637902501,-1.2920113281427599,5.185317620138415,-3.736117897118374,-3.736117897118375]","((-3.4136034302069658) + (((-1.2920113281427577) * (((x[:,0])**(2)))) + (((3.3604610889755646) * (np.exp((x[:,0])**(1)))) + (((9.209018372567945e-2) * (np.exp((x[:,0])**(2)))) + (((0.6300878637902501) * (np.sin((x[:,0])**(2)))) + (((-1.2920113281427599) * (((x[:,0])**(2)))) + (((5.185317620138415) * (np.sin((x[:,0])**(1)))) + (((-3.736117897118374) * (((x[:,0])**(1)))) + ((-3.736117897118375) * (((x[:,0])**(1))))))))))))"

======================================
"Id(((-2.124565684856842) + (((2.183147476565923) * (Exp((x0)^(1)))) + (((-4.806910520608006) * (Id((x0)^(1)))) + (((-1.308386284406051) * (Id((x0)^(2)))) + (((3.6719908492412094) * (Sin((x0)^(1)))) + ((-1.8722000741938777e-2) * (Exp((x0)^(2))))))))) / ((1.0) + ((-8.678510691864358e-2) * (Id((x0)^(1))))))","[-2.124565684856842,2.183147476565923,-4.806910520608006,-1.308386284406051,3.6719908492412094,-1.8722000741938777e-2,-8.678510691864358e-2]","(((-2.124565684856842) + (((2.183147476565923) * (np.exp((x[:,0])**(1)))) + (((-4.806910520608006) * (((x[:,0])**(1)))) + (((-1.308386284406051) * (((x[:,0])**(2)))) + (((3.6719908492412094) * (np.sin((x[:,0])**(1)))) + ((-1.8722000741938777e-2) * (np.exp((x[:,0])**(2))))))))) / ((1.0) + ((-8.678510691864358e-2) * (((x[:,0])**(1))))))"

======================================
"Id((-3.413603430206536) + (((5.185317620137795) * (Sin((x0)^(1)))) + (((3.3604610889751294) * (Exp((x0)^(1)))) + (((9.209018372568621e-2) * (Exp((x0)^(2)))) + (((-3.7361178971178557) * (Id((x0)^(1)))) + (((-2.584022656285275) * (Id((x0)^(2)))) + (((-3.736117897117854) * (Id((x0)^(1)))) + ((0.6300878637902381) * (Sin((x0)^(2)))))))))))","[-3.413603430206536,5.185317620137795,3.3604610889751294,9.209018372568621e-2,-3.7361178971178557,-2.584022656285275,-3.736117897117854,0.6300878637902381]","((-3.413603430206536) + (((5.185317620137795) * (np.sin((x[:,0])**(1)))) + (((3.3604610889751294) * (np.exp((x[:,0])**(1)))) + (((9.209018372568621e-2) * (np.exp((x[:,0])**(2)))) + (((-3.7361178971178557) * (((x[:,0])**(1)))) + (((-2.584022656285275) * (((x[:,0])**(2)))) + (((-3.736117897117854) * (((x[:,0])**(1)))) + ((0.6300878637902381) * (np.sin((x[:,0])**(2)))))))))))"

======================================
"Id((-3.4136034302061153) + (((9.209018372566301e-2) * (Exp((x0)^(2)))) + (((5.185317620137302) * (Sin((x0)^(1)))) + (((-7.47223579423482) * (Id((x0)^(1)))) + (((3.3604610889747324) * (Exp((x0)^(1)))) + (((0.630087863790088) * (Sin((x0)^(2)))) + ((-2.5840226562848967) * (Id((x0)^(2))))))))))","[-3.4136034302061153,9.209018372566301e-2,5.185317620137302,-7.47223579423482,3.3604610889747324,0.630087863790088,-2.5840226562848967]","((-3.4136034302061153) + (((9.209018372566301e-2) * (np.exp((x[:,0])**(2)))) + (((5.185317620137302) * (np.sin((x[:,0])**(1)))) + (((-7.47223579423482) * (((x[:,0])**(1)))) + (((3.3604610889747324) * (np.exp((x[:,0])**(1)))) + (((0.630087863790088) * (np.sin((x[:,0])**(2)))) + ((-2.5840226562848967) * (((x[:,0])**(2))))))))))"

======================================
"Id(((-2.816345841566381) + (((2.272719211866653) * (Sin((x0)^(1)))) + (((0.13893204817696553) * (Sin((x0)^(2)))) + (((2.8539450043830707) * (Exp((x0)^(1)))) + (((2.272719211866641) * (Sin((x0)^(1)))) + (((-1.8145786226414635) * (Id((x0)^(2)))) + ((-6.334077224257925) * (Id((x0)^(1)))))))))) / ((1.0) + ((-0.10099003889467467) * (Sin((x0)^(1))))))","[-2.816345841566381,2.272719211866653,0.13893204817696553,2.8539450043830707,2.272719211866641,-1.8145786226414635,-6.334077224257925,-0.10099003889467467]","(((-2.816345841566381) + (((2.272719211866653) * (np.sin((x[:,0])**(1)))) + (((0.13893204817696553) * (np.sin((x[:,0])**(2)))) + (((2.8539450043830707) * (np.exp((x[:,0])**(1)))) + (((2.272719211866641) * (np.sin((x[:,0])**(1)))) + (((-1.8145786226414635) * (((x[:,0])**(2)))) + ((-6.334077224257925) * (((x[:,0])**(1)))))))))) / ((1.0) + ((-0.10099003889467467) * (np.sin((x[:,0])**(1))))))"

======================================
"Id(((-2.816345841566193) + (((2.2727192118665296) * (Sin((x0)^(1)))) + (((2.2727192118665265) * (Sin((x0)^(1)))) + (((-1.814578622641347) * (Id((x0)^(2)))) + (((-6.334077224257502) * (Id((x0)^(1)))) + (((2.853945004382884) * (Exp((x0)^(1)))) + ((0.13893204817694293) * (Sin((x0)^(2)))))))))) / ((1.0) + ((-0.1009900388946742) * (Sin((x0)^(1))))))","[-2.816345841566193,2.2727192118665296,2.2727192118665265,-1.814578622641347,-6.334077224257502,2.853945004382884,0.13893204817694293,-0.1009900388946742]","(((-2.816345841566193) + (((2.2727192118665296) * (np.sin((x[:,0])**(1)))) + (((2.2727192118665265) * (np.sin((x[:,0])**(1)))) + (((-1.814578622641347) * (((x[:,0])**(2)))) + (((-6.334077224257502) * (((x[:,0])**(1)))) + (((2.853945004382884) * (np.exp((x[:,0])**(1)))) + ((0.13893204817694293) * (np.sin((x[:,0])**(2)))))))))) / ((1.0) + ((-0.1009900388946742) * (np.sin((x[:,0])**(1))))))"

======================================
"Id((-1.4223194415480855) + (((-0.44113883771477935) * (Id((x0)^(2)))) + (((-3.1551703838192084) * (Id((x0)^(1)))) + (((1.4647686635068804) * (Exp((x0)^(1)))) + (((2.715093284328086) * (Sin((x0)^(1)))) + ((-0.4411388377147807) * (Id((x0)^(2)))))))))","[-1.4223194415480855,-0.44113883771477935,-3.1551703838192084,1.4647686635068804,2.715093284328086,-0.4411388377147807]","((-1.4223194415480855) + (((-0.44113883771477935) * (((x[:,0])**(2)))) + (((-3.1551703838192084) * (((x[:,0])**(1)))) + (((1.4647686635068804) * (np.exp((x[:,0])**(1)))) + (((2.715093284328086) * (np.sin((x[:,0])**(1)))) + ((-0.4411388377147807) * (((x[:,0])**(2)))))))))"

======================================
"Id((-3.4136034302069227) + (((-2.5840226562854562) * (Id((x0)^(2)))) + (((3.3604610889755273) * (Exp((x0)^(1)))) + (((-7.4722357942366555) * (Id((x0)^(1)))) + (((0.6300878637902134) * (Sin((x0)^(2)))) + (((5.185317620138356) * (Sin((x0)^(1)))) + ((9.209018372567304e-2) * (Exp((x0)^(2))))))))))","[-3.4136034302069227,-2.5840226562854562,3.3604610889755273,-7.4722357942366555,0.6300878637902134,5.185317620138356,9.209018372567304e-2]","((-3.4136034302069227) + (((-2.5840226562854562) * (((x[:,0])**(2)))) + (((3.3604610889755273) * (np.exp((x[:,0])**(1)))) + (((-7.4722357942366555) * (((x[:,0])**(1)))) + (((0.6300878637902134) * (np.sin((x[:,0])**(2)))) + (((5.185317620138356) * (np.sin((x[:,0])**(1)))) + ((9.209018372567304e-2) * (np.exp((x[:,0])**(2))))))))))"

======================================
"Id((-3.4136034302066434) + (((-7.47223579423602) * (Id((x0)^(1)))) + (((0.6300878637901939) * (Sin((x0)^(2)))) + (((5.185317620137991) * (Sin((x0)^(1)))) + (((3.36046108897525) * (Exp((x0)^(1)))) + (((9.209018372567357e-2) * (Exp((x0)^(2)))) + ((-2.5840226562852897) * (Id((x0)^(2))))))))))","[-3.4136034302066434,-7.47223579423602,0.6300878637901939,5.185317620137991,3.36046108897525,9.209018372567357e-2,-2.5840226562852897]","((-3.4136034302066434) + (((-7.47223579423602) * (((x[:,0])**(1)))) + (((0.6300878637901939) * (np.sin((x[:,0])**(2)))) + (((5.185317620137991) * (np.sin((x[:,0])**(1)))) + (((3.36046108897525) * (np.exp((x[:,0])**(1)))) + (((9.209018372567357e-2) * (np.exp((x[:,0])**(2)))) + ((-2.5840226562852897) * (((x[:,0])**(2))))))))))"

======================================
"Id((-3.413603430206466) + (((5.185317620137725) * (Sin((x0)^(1)))) + (((3.360461088975053) * (Exp((x0)^(1)))) + (((-7.472235794235556) * (Id((x0)^(1)))) + (((0.6300878637902595) * (Sin((x0)^(2)))) + (((9.209018372569444e-2) * (Exp((x0)^(2)))) + ((-2.584022656285268) * (Id((x0)^(2))))))))))","[-3.413603430206466,5.185317620137725,3.360461088975053,-7.472235794235556,0.6300878637902595,9.209018372569444e-2,-2.584022656285268]","((-3.413603430206466) + (((5.185317620137725) * (np.sin((x[:,0])**(1)))) + (((3.360461088975053) * (np.exp((x[:,0])**(1)))) + (((-7.472235794235556) * (((x[:,0])**(1)))) + (((0.6300878637902595) * (np.sin((x[:,0])**(2)))) + (((9.209018372569444e-2) * (np.exp((x[:,0])**(2)))) + ((-2.584022656285268) * (((x[:,0])**(2))))))))))"

======================================
"Id(((-2.8163458415663865) + (((6.946602408847133e-2) * (Sin((x0)^(2)))) + (((6.946602408849326e-2) * (Sin((x0)^(2)))) + (((2.8539450043830787) * (Exp((x0)^(1)))) + (((-1.8145786226414695) * (Id((x0)^(2)))) + (((4.545438423733306) * (Sin((x0)^(1)))) + ((-6.3340772242579435) * (Id((x0)^(1)))))))))) / ((1.0) + ((-0.1009900388946747) * (Sin((x0)^(1))))))","[-2.8163458415663865,6.946602408847133e-2,6.946602408849326e-2,2.8539450043830787,-1.8145786226414695,4.545438423733306,-6.3340772242579435,-0.1009900388946747]","(((-2.8163458415663865) + (((6.946602408847133e-2) * (np.sin((x[:,0])**(2)))) + (((6.946602408849326e-2) * (np.sin((x[:,0])**(2)))) + (((2.8539450043830787) * (np.exp((x[:,0])**(1)))) + (((-1.8145786226414695) * (((x[:,0])**(2)))) + (((4.545438423733306) * (np.sin((x[:,0])**(1)))) + ((-6.3340772242579435) * (((x[:,0])**(1)))))))))) / ((1.0) + ((-0.1009900388946747) * (np.sin((x[:,0])**(1))))))"

======================================
"Id((-3.413603430206328) + (((5.1853176201375915) * (Sin((x0)^(1)))) + (((1.6802305444874654) * (Exp((x0)^(1)))) + (((1.6802305444874643) * (Exp((x0)^(1)))) + (((9.209018372568008e-2) * (Exp((x0)^(2)))) + (((-2.584022656285109) * (Id((x0)^(2)))) + (((-7.472235794235296) * (Id((x0)^(1)))) + ((0.6300878637901743) * (Sin((x0)^(2)))))))))))","[-3.413603430206328,5.1853176201375915,1.6802305444874654,1.6802305444874643,9.209018372568008e-2,-2.584022656285109,-7.472235794235296,0.6300878637901743]","((-3.413603430206328) + (((5.1853176201375915) * (np.sin((x[:,0])**(1)))) + (((1.6802305444874654) * (np.exp((x[:,0])**(1)))) + (((1.6802305444874643) * (np.exp((x[:,0])**(1)))) + (((9.209018372568008e-2) * (np.exp((x[:,0])**(2)))) + (((-2.584022656285109) * (((x[:,0])**(2)))) + (((-7.472235794235296) * (((x[:,0])**(1)))) + ((0.6300878637901743) * (np.sin((x[:,0])**(2)))))))))))"

======================================
"Id(((-2.816345841566552) + (((4.545438423733536) * (Sin((x0)^(1)))) + (((-1.8145786226415774) * (Id((x0)^(2)))) + (((2.853945004383247) * (Exp((x0)^(1)))) + (((-6.334077224258336) * (Id((x0)^(1)))) + ((0.13893204817698435) * (Sin((x0)^(2))))))))) / ((1.0) + ((-0.1009900388946722) * (Sin((x0)^(1))))))","[-2.816345841566552,4.545438423733536,-1.8145786226415774,2.853945004383247,-6.334077224258336,0.13893204817698435,-0.1009900388946722]","(((-2.816345841566552) + (((4.545438423733536) * (np.sin((x[:,0])**(1)))) + (((-1.8145786226415774) * (((x[:,0])**(2)))) + (((2.853945004383247) * (np.exp((x[:,0])**(1)))) + (((-6.334077224258336) * (((x[:,0])**(1)))) + ((0.13893204817698435) * (np.sin((x[:,0])**(2))))))))) / ((1.0) + ((-0.1009900388946722) * (np.sin((x[:,0])**(1))))))"

======================================
"Id((-3.4136034302063387) + (((5.185317620137638) * (Sin((x0)^(1)))) + (((-2.5840226562850286) * (Id((x0)^(2)))) + (((1.6802305444874783) * (Exp((x0)^(1)))) + (((1.6802305444874834) * (Exp((x0)^(1)))) + (((0.6300878637900948) * (Sin((x0)^(2)))) + (((9.209018372565958e-2) * (Exp((x0)^(2)))) + ((-7.472235794235374) * (Id((x0)^(1)))))))))))","[-3.4136034302063387,5.185317620137638,-2.5840226562850286,1.6802305444874783,1.6802305444874834,0.6300878637900948,9.209018372565958e-2,-7.472235794235374]","((-3.4136034302063387) + (((5.185317620137638) * (np.sin((x[:,0])**(1)))) + (((-2.5840226562850286) * (((x[:,0])**(2)))) + (((1.6802305444874783) * (np.exp((x[:,0])**(1)))) + (((1.6802305444874834) * (np.exp((x[:,0])**(1)))) + (((0.6300878637900948) * (np.sin((x[:,0])**(2)))) + (((9.209018372565958e-2) * (np.exp((x[:,0])**(2)))) + ((-7.472235794235374) * (((x[:,0])**(1)))))))))))"

======================================
"Id((-2.9591026436245804) + (((-0.9381867995246351) * (Id((x0)^(2)))) + (((4.727675964350075) * (Sin((x0)^(1)))) + (((3.0018040288127636) * (Exp((x0)^(1)))) + (((-6.663963925825797) * (Id((x0)^(1)))) + (((0.19477718252578327) * (Sin((x0)^(2)))) + ((-0.9381867995246279) * (Id((x0)^(2))))))))))","[-2.9591026436245804,-0.9381867995246351,4.727675964350075,3.0018040288127636,-6.663963925825797,0.19477718252578327,-0.9381867995246279]","((-2.9591026436245804) + (((-0.9381867995246351) * (((x[:,0])**(2)))) + (((4.727675964350075) * (np.sin((x[:,0])**(1)))) + (((3.0018040288127636) * (np.exp((x[:,0])**(1)))) + (((-6.663963925825797) * (((x[:,0])**(1)))) + (((0.19477718252578327) * (np.sin((x[:,0])**(2)))) + ((-0.9381867995246279) * (((x[:,0])**(2))))))))))"

======================================
"Id((-3.4136034302063365) + (((5.185317620137589) * (Sin((x0)^(1)))) + (((1.1201536963249572) * (Exp((x0)^(1)))) + (((1.1201536963249998) * (Exp((x0)^(1)))) + (((-2.584022656285127) * (Id((x0)^(2)))) + (((1.12015369632498) * (Exp((x0)^(1)))) + (((0.630087863790195) * (Sin((x0)^(2)))) + (((-7.472235794235307) * (Id((x0)^(1)))) + ((9.209018372568128e-2) * (Exp((x0)^(2))))))))))))","[-3.4136034302063365,5.185317620137589,1.1201536963249572,1.1201536963249998,-2.584022656285127,1.12015369632498,0.630087863790195,-7.472235794235307,9.209018372568128e-2]","((-3.4136034302063365) + (((5.185317620137589) * (np.sin((x[:,0])**(1)))) + (((1.1201536963249572) * (np.exp((x[:,0])**(1)))) + (((1.1201536963249998) * (np.exp((x[:,0])**(1)))) + (((-2.584022656285127) * (((x[:,0])**(2)))) + (((1.12015369632498) * (np.exp((x[:,0])**(1)))) + (((0.630087863790195) * (np.sin((x[:,0])**(2)))) + (((-7.472235794235307) * (((x[:,0])**(1)))) + ((9.209018372568128e-2) * (np.exp((x[:,0])**(2))))))))))))"

======================================
"Id(((-2.8163458415661973) + (((-6.3340772242575145) * (Id((x0)^(1)))) + (((-1.814578622641348) * (Id((x0)^(2)))) + (((4.5454384237330645) * (Sin((x0)^(1)))) + (((2.853945004382887) * (Exp((x0)^(1)))) + ((0.1389320481769464) * (Sin((x0)^(2))))))))) / ((1.0) + ((-0.10099003889467577) * (Sin((x0)^(1))))))","[-2.8163458415661973,-6.3340772242575145,-1.814578622641348,4.5454384237330645,2.853945004382887,0.1389320481769464,-0.10099003889467577]","(((-2.8163458415661973) + (((-6.3340772242575145) * (((x[:,0])**(1)))) + (((-1.814578622641348) * (((x[:,0])**(2)))) + (((4.5454384237330645) * (np.sin((x[:,0])**(1)))) + (((2.853945004382887) * (np.exp((x[:,0])**(1)))) + ((0.1389320481769464) * (np.sin((x[:,0])**(2))))))))) / ((1.0) + ((-0.10099003889467577) * (np.sin((x[:,0])**(1))))))"

======================================
"Id((-3.4136034302044416) + (((9.209018372562562e-2) * (Exp((x0)^(2)))) + (((-3.7361178971155518) * (Id((x0)^(1)))) + (((-3.7361178971155518) * (Id((x0)^(1)))) + (((-2.5840226562836537) * (Id((x0)^(2)))) + (((3.360461088973092) * (Exp((x0)^(1)))) + (((5.185317620135191) * (Sin((x0)^(1)))) + (((0.31504393189487234) * (Sin((x0)^(2)))) + ((0.31504393189487073) * (Sin((x0)^(2))))))))))))","[-3.4136034302044416,9.209018372562562e-2,-3.7361178971155518,-3.7361178971155518,-2.5840226562836537,3.360461088973092,5.185317620135191,0.31504393189487234,0.31504393189487073]","((-3.4136034302044416) + (((9.209018372562562e-2) * (np.exp((x[:,0])**(2)))) + (((-3.7361178971155518) * (((x[:,0])**(1)))) + (((-3.7361178971155518) * (((x[:,0])**(1)))) + (((-2.5840226562836537) * (((x[:,0])**(2)))) + (((3.360461088973092) * (np.exp((x[:,0])**(1)))) + (((5.185317620135191) * (np.sin((x[:,0])**(1)))) + (((0.31504393189487234) * (np.sin((x[:,0])**(2)))) + ((0.31504393189487073) * (np.sin((x[:,0])**(2))))))))))))"

======================================
"Id((-3.413603430204397) + (((9.209018372562117e-2) * (Exp((x0)^(2)))) + (((1.6802305444864924) * (Exp((x0)^(1)))) + (((1.680230544486561) * (Exp((x0)^(1)))) + (((-7.472235794231006) * (Id((x0)^(1)))) + (((-2.584022656283607) * (Id((x0)^(2)))) + (((5.185317620135125) * (Sin((x0)^(1)))) + ((0.6300878637897238) * (Sin((x0)^(2)))))))))))","[-3.413603430204397,9.209018372562117e-2,1.6802305444864924,1.680230544486561,-7.472235794231006,-2.584022656283607,5.185317620135125,0.6300878637897238]","((-3.413603430204397) + (((9.209018372562117e-2) * (np.exp((x[:,0])**(2)))) + (((1.6802305444864924) * (np.exp((x[:,0])**(1)))) + (((1.680230544486561) * (np.exp((x[:,0])**(1)))) + (((-7.472235794231006) * (((x[:,0])**(1)))) + (((-2.584022656283607) * (((x[:,0])**(2)))) + (((5.185317620135125) * (np.sin((x[:,0])**(1)))) + ((0.6300878637897238) * (np.sin((x[:,0])**(2)))))))))))"

======================================
"Id((-3.41360343020607) + (((5.18531762013729) * (Sin((x0)^(1)))) + (((-7.472235794234777) * (Id((x0)^(1)))) + (((4.604509186281522e-2) * (Exp((x0)^(2)))) + (((-2.5840226562847963) * (Id((x0)^(2)))) + (((0.6300878637900127) * (Sin((x0)^(2)))) + (((3.3604610889747) * (Exp((x0)^(1)))) + ((4.604509186283201e-2) * (Exp((x0)^(2)))))))))))","[-3.41360343020607,5.18531762013729,-7.472235794234777,4.604509186281522e-2,-2.5840226562847963,0.6300878637900127,3.3604610889747,4.604509186283201e-2]","((-3.41360343020607) + (((5.18531762013729) * (np.sin((x[:,0])**(1)))) + (((-7.472235794234777) * (((x[:,0])**(1)))) + (((4.604509186281522e-2) * (np.exp((x[:,0])**(2)))) + (((-2.5840226562847963) * (((x[:,0])**(2)))) + (((0.6300878637900127) * (np.sin((x[:,0])**(2)))) + (((3.3604610889747) * (np.exp((x[:,0])**(1)))) + ((4.604509186283201e-2) * (np.exp((x[:,0])**(2)))))))))))"

======================================
"Id(((-2.723217235969111) + (((-0.8896449166312672) * (Id((x0)^(2)))) + (((2.7624243749256916) * (Exp((x0)^(1)))) + (((-0.8896449166312641) * (Id((x0)^(2)))) + (((4.42794727242783) * (Sin((x0)^(1)))) + (((0.15275902767381663) * (Sin((x0)^(2)))) + ((-6.127095362879266) * (Id((x0)^(1)))))))))) / ((1.0) + ((-8.610292856819697e-2) * (Id((x0)^(1))))))","[-2.723217235969111,-0.8896449166312672,2.7624243749256916,-0.8896449166312641,4.42794727242783,0.15275902767381663,-6.127095362879266,-8.610292856819697e-2]","(((-2.723217235969111) + (((-0.8896449166312672) * (((x[:,0])**(2)))) + (((2.7624243749256916) * (np.exp((x[:,0])**(1)))) + (((-0.8896449166312641) * (((x[:,0])**(2)))) + (((4.42794727242783) * (np.sin((x[:,0])**(1)))) + (((0.15275902767381663) * (np.sin((x[:,0])**(2)))) + ((-6.127095362879266) * (((x[:,0])**(1)))))))))) / ((1.0) + ((-8.610292856819697e-2) * (((x[:,0])**(1))))))"

======================================
"Id(((-2.816345841564984) + (((0.13893204817681418) * (Sin((x0)^(2)))) + (((-0.9072893113202789) * (Id((x0)^(2)))) + (((-0.9072893113202876) * (Id((x0)^(2)))) + (((-6.334077224254722) * (Id((x0)^(1)))) + (((4.5454384237314684) * (Sin((x0)^(1)))) + ((2.853945004381667) * (Exp((x0)^(1)))))))))) / ((1.0) + ((-0.10099003889467544) * (Sin((x0)^(1))))))","[-2.816345841564984,0.13893204817681418,-0.9072893113202789,-0.9072893113202876,-6.334077224254722,4.5454384237314684,2.853945004381667,-0.10099003889467544]","(((-2.816345841564984) + (((0.13893204817681418) * (np.sin((x[:,0])**(2)))) + (((-0.9072893113202789) * (((x[:,0])**(2)))) + (((-0.9072893113202876) * (((x[:,0])**(2)))) + (((-6.334077224254722) * (((x[:,0])**(1)))) + (((4.5454384237314684) * (np.sin((x[:,0])**(1)))) + ((2.853945004381667) * (np.exp((x[:,0])**(1)))))))))) / ((1.0) + ((-0.10099003889467544) * (np.sin((x[:,0])**(1))))))"

======================================
"Id((-3.413603430206349) + (((5.185317620137645) * (Sin((x0)^(1)))) + (((-2.584022656285033) * (Id((x0)^(2)))) + (((0.6300878637900913) * (Sin((x0)^(2)))) + (((-7.472235794235395) * (Id((x0)^(1)))) + (((9.20901837256582e-2) * (Exp((x0)^(2)))) + (((1.6802305444874885) * (Exp((x0)^(1)))) + ((1.6802305444874877) * (Exp((x0)^(1)))))))))))","[-3.413603430206349,5.185317620137645,-2.584022656285033,0.6300878637900913,-7.472235794235395,9.20901837256582e-2,1.6802305444874885,1.6802305444874877]","((-3.413603430206349) + (((5.185317620137645) * (np.sin((x[:,0])**(1)))) + (((-2.584022656285033) * (((x[:,0])**(2)))) + (((0.6300878637900913) * (np.sin((x[:,0])**(2)))) + (((-7.472235794235395) * (((x[:,0])**(1)))) + (((9.20901837256582e-2) * (np.exp((x[:,0])**(2)))) + (((1.6802305444874885) * (np.exp((x[:,0])**(1)))) + ((1.6802305444874877) * (np.exp((x[:,0])**(1)))))))))))"

======================================
"Id((-2.959102643624716) + (((4.727675964350254) * (Sin((x0)^(1)))) + (((0.19477718252579526) * (Sin((x0)^(2)))) + (((-1.8763735990493542) * (Id((x0)^(2)))) + (((-6.663963925826114) * (Id((x0)^(1)))) + ((3.0018040288129053) * (Exp((x0)^(1)))))))))","[-2.959102643624716,4.727675964350254,0.19477718252579526,-1.8763735990493542,-6.663963925826114,3.0018040288129053]","((-2.959102643624716) + (((4.727675964350254) * (np.sin((x[:,0])**(1)))) + (((0.19477718252579526) * (np.sin((x[:,0])**(2)))) + (((-1.8763735990493542) * (((x[:,0])**(2)))) + (((-6.663963925826114) * (((x[:,0])**(1)))) + ((3.0018040288129053) * (np.exp((x[:,0])**(1)))))))))"

======================================
"Id(((-2.8163458415663456) + (((4.5454384237332555) * (Sin((x0)^(1)))) + (((-3.167038612128864) * (Id((x0)^(1)))) + (((2.8539450043830374) * (Exp((x0)^(1)))) + (((0.13893204817696242) * (Sin((x0)^(2)))) + (((-1.8145786226414415) * (Id((x0)^(2)))) + ((-3.167038612128987) * (Id((x0)^(1)))))))))) / ((1.0) + ((-0.10099003889467453) * (Sin((x0)^(1))))))","[-2.8163458415663456,4.5454384237332555,-3.167038612128864,2.8539450043830374,0.13893204817696242,-1.8145786226414415,-3.167038612128987,-0.10099003889467453]","(((-2.8163458415663456) + (((4.5454384237332555) * (np.sin((x[:,0])**(1)))) + (((-3.167038612128864) * (((x[:,0])**(1)))) + (((2.8539450043830374) * (np.exp((x[:,0])**(1)))) + (((0.13893204817696242) * (np.sin((x[:,0])**(2)))) + (((-1.8145786226414415) * (((x[:,0])**(2)))) + ((-3.167038612128987) * (((x[:,0])**(1)))))))))) / ((1.0) + ((-0.10099003889467453) * (np.sin((x[:,0])**(1))))))"

======================================
"Id((-3.4136034302061833) + (((-7.472235794234992) * (Id((x0)^(1)))) + (((0.3150439318950388) * (Sin((x0)^(2)))) + (((1.6802305444874) * (Exp((x0)^(1)))) + (((1.6802305444874015) * (Exp((x0)^(1)))) + (((0.315043931895011) * (Sin((x0)^(2)))) + (((-2.5840226562848905) * (Id((x0)^(2)))) + (((5.185317620137403) * (Sin((x0)^(1)))) + ((9.20901837256527e-2) * (Exp((x0)^(2))))))))))))","[-3.4136034302061833,-7.472235794234992,0.3150439318950388,1.6802305444874,1.6802305444874015,0.315043931895011,-2.5840226562848905,5.185317620137403,9.20901837256527e-2]","((-3.4136034302061833) + (((-7.472235794234992) * (((x[:,0])**(1)))) + (((0.3150439318950388) * (np.sin((x[:,0])**(2)))) + (((1.6802305444874) * (np.exp((x[:,0])**(1)))) + (((1.6802305444874015) * (np.exp((x[:,0])**(1)))) + (((0.315043931895011) * (np.sin((x[:,0])**(2)))) + (((-2.5840226562848905) * (((x[:,0])**(2)))) + (((5.185317620137403) * (np.sin((x[:,0])**(1)))) + ((9.20901837256527e-2) * (np.exp((x[:,0])**(2))))))))))))"

======================================
"Id((-2.9591026436246244) + (((-0.9381867995246513) * (Id((x0)^(2)))) + (((4.72767596435013) * (Sin((x0)^(1)))) + (((-0.9381867995246425) * (Id((x0)^(2)))) + (((3.001804028812809) * (Exp((x0)^(1)))) + (((0.19477718252578535) * (Sin((x0)^(2)))) + ((-6.6639639258258985) * (Id((x0)^(1))))))))))","[-2.9591026436246244,-0.9381867995246513,4.72767596435013,-0.9381867995246425,3.001804028812809,0.19477718252578535,-6.6639639258258985]","((-2.9591026436246244) + (((-0.9381867995246513) * (((x[:,0])**(2)))) + (((4.72767596435013) * (np.sin((x[:,0])**(1)))) + (((-0.9381867995246425) * (((x[:,0])**(2)))) + (((3.001804028812809) * (np.exp((x[:,0])**(1)))) + (((0.19477718252578535) * (np.sin((x[:,0])**(2)))) + ((-6.6639639258258985) * (((x[:,0])**(1))))))))))"

======================================
"Id((-2.9591026436252865) + (((-0.9381867995248643) * (Id((x0)^(2)))) + (((3.0018040288134737) * (Exp((x0)^(1)))) + (((0.19477718252585766) * (Sin((x0)^(2)))) + (((4.727675964351004) * (Sin((x0)^(1)))) + (((-0.9381867995248533) * (Id((x0)^(2)))) + ((-6.663963925827422) * (Id((x0)^(1))))))))))","[-2.9591026436252865,-0.9381867995248643,3.0018040288134737,0.19477718252585766,4.727675964351004,-0.9381867995248533,-6.663963925827422]","((-2.9591026436252865) + (((-0.9381867995248643) * (((x[:,0])**(2)))) + (((3.0018040288134737) * (np.exp((x[:,0])**(1)))) + (((0.19477718252585766) * (np.sin((x[:,0])**(2)))) + (((4.727675964351004) * (np.sin((x[:,0])**(1)))) + (((-0.9381867995248533) * (((x[:,0])**(2)))) + ((-6.663963925827422) * (((x[:,0])**(1))))))))))"

======================================
"Id((-3.4136034302071616) + (((0.6300878637902843) * (Sin((x0)^(2)))) + (((5.185317620138669) * (Sin((x0)^(1)))) + (((-7.472235794237196) * (Id((x0)^(1)))) + (((-2.5840226562856614) * (Id((x0)^(2)))) + (((3.360461088975762) * (Exp((x0)^(1)))) + ((9.209018372568312e-2) * (Exp((x0)^(2))))))))))","[-3.4136034302071616,0.6300878637902843,5.185317620138669,-7.472235794237196,-2.5840226562856614,3.360461088975762,9.209018372568312e-2]","((-3.4136034302071616) + (((0.6300878637902843) * (np.sin((x[:,0])**(2)))) + (((5.185317620138669) * (np.sin((x[:,0])**(1)))) + (((-7.472235794237196) * (((x[:,0])**(1)))) + (((-2.5840226562856614) * (((x[:,0])**(2)))) + (((3.360461088975762) * (np.exp((x[:,0])**(1)))) + ((9.209018372568312e-2) * (np.exp((x[:,0])**(2))))))))))"

======================================
