algorithm,dataset,rmse_test,log_mse_test,r2_test,model_size,training time (s)
TIRMOO4,666_rmftsa_ladata,1.7862611470492504,1.160249381435812,0.64165370159879,44,3470.4397161006927
TIRMOO4,519_vinnie,1.6168792779386008,0.9609958395225799,0.7841468459203434,8,3718.3697810173035
TIRMOO4,631_fri_c1_500_5,0.317691577555717,-2.2933484974840126,0.9149784886991742,65,3329.7275302410126
TIRMOO4,622_fri_c2_1000_50,0.3123927823883134,-2.3269879300681984,0.9112059526730321,71,2243.2134759426117
TIRMOO4,547_no2,0.5539963143482473,-1.1811944901159617,0.3918494823114804,64,3334.1446816921234
TIRMOO4,618_fri_c3_1000_50,0.32567215444897524,-2.243728129662797,0.893587882383172,62,2216.543559551239
TIRMOO4,645_fri_c3_500_50,0.30025887309529914,-2.406220532202681,0.9240668184841254,53,1977.615739107132
TIRMOO4,519_vinnie,1.612488391707663,0.9555571414417874,0.7293729409426538,8,3704.254179239273
TIRMOO4,596_fri_c2_250_5,0.45321143790562113,-1.5827930240992545,0.8091439633923275,35,2940.2230594158173
TIRMOO4,633_fri_c0_500_25,0.31296317400857115,-2.3233395005771205,0.8928869377193869,50,2154.613671541214
TIRMOO4,595_fri_c0_1000_10,0.32165040587731514,-2.2685800385315606,0.8830673665085946,50,2860.4950551986694
TIRMOO4,620_fri_c1_1000_25,0.29398288084935437,-2.4484674834847024,0.9235913500369355,62,2360.156275510788
TIRMOO4,603_fri_c0_250_50,0.5725058488515635,-1.1154646545426399,0.7093222606897508,32,1590.5614714622498
TIRMOO4,622_fri_c2_1000_50,0.28409244930701283,-2.5169111361280345,0.9238939040727687,71,2217.747638940811
TIRMOO4,678_visualizing_environmental,2.1756425401675004,1.5546480833583838,0.4306568210623861,23,3558.63063120842
TIRMOO4,599_fri_c2_1000_5,0.28248124367101524,-2.5282862493694562,0.9213162741346881,68,3745.253707885742
TIRMOO4,611_fri_c3_100_5,0.3262510725533523,-2.240176065661568,0.7746848774012162,35,2061.393096923828
TIRMOO4,207_autoPrice,2926.4227115442022,15.96307207704471,0.794246377685881,26,3222.854728937149
TIRMOO4,641_fri_c1_500_10,0.2967260142420959,-2.4298921538478617,0.9207342735740258,68,2629.57093501091
TIRMOO4,522_pm10,0.8322484870134631,-0.3672484409516617,0.14239847854808985,95,3357.122488975525
TIRMOO4,620_fri_c1_1000_25,0.39643734525562163,-1.8504745398509714,0.8112155426744021,62,2437.732709169388
TIRMOO4,522_pm10,0.8924537233219904,-0.22756123458450275,0.1912162697527542,86,3362.0917172431946
TIRMOO4,522_pm10,0.8128167058990543,-0.414499297703206,0.14044166500863842,89,3369.845573425293
TIRMOO4,582_fri_c1_500_25,0.32402520228399406,-2.2538679627754967,0.8988590731905588,59,2111.6533341407776
TIRMOO4,621_fri_c0_100_10,0.5531329962249152,-1.1843136137452253,0.6472830315780166,32,1713.2175889015198
TIRMOO4,626_fri_c2_500_50,0.43804363844422384,-1.6508734848346969,0.7569029186262513,65,2039.100876569748
TIRMOO4,582_fri_c1_500_25,0.3132748679513354,-2.3213486028825163,0.9008944184879488,59,2144.539503097534
TIRMOO4,1089_USCrime,16.448530836600053,5.600472324755897,0.8656016392741488,14,3516.922397851944
TIRMOO4,584_fri_c4_500_25,0.3798716902005099,-1.9358434812957381,0.8293066212335837,62,2091.028473377228
TIRMOO4,641_fri_c1_500_10,0.3272820120237288,-2.233866115332449,0.8794010246300501,59,2391.0948202610016
TIRMOO4,609_fri_c0_1000_5,0.293813172283066,-2.449622364128079,0.9183907489912121,50,3629.8815972805023
TIRMOO4,505_tecator,1.938914570794128,1.3242566338125574,0.9841866066194562,8,2149.0613701343536
TIRMOO4,712_chscase_geyser1,5.83071550197788,3.52627944088794,0.7850548880288054,8,3731.957546710968
TIRMOO4,653_fri_c0_250_25,0.2981337066206486,-2.420426426336828,0.9192839583141807,50,1964.5222475528717
TIRMOO4,626_fri_c2_500_50,0.3182906089003029,-2.289580898111001,0.912307256485347,68,2026.3104948997498
TIRMOO4,687_sleuth_ex1605,8.963580409070902,4.386339492789988,0.40770817865150477,17,3575.082509994507
TIRMOO4,695_chatfield_4,13.858480606099697,5.257794726746069,0.8729629098763173,14,1855.6302227973938
TIRMOO4,210_cloud,0.2675501497476564,-2.6368965090505476,0.8316465888136948,14,3041.807592153549
TIRMOO4,616_fri_c4_500_50,0.24763627692444665,-2.791588469338842,0.9352843086974932,62,1967.031572818756
TIRMOO4,616_fri_c4_500_50,0.2823766929313844,-2.5290266177633476,0.9034459904835941,59,1991.1611473560333
TIRMOO4,608_fri_c3_1000_10,0.2998689756390536,-2.408819295195774,0.9088668468758615,62,2885.298637151718
TIRMOO4,690_visualizing_galaxy,30.777325098673167,6.853556441515215,0.8695093226595356,14,3627.1697154045105
TIRMOO4,557_analcatdata_apnea1,2141.4439761940675,15.338471271403623,0.47165487874225476,28,3458.083773136139
TIRMOO4,595_fri_c0_1000_10,0.2802861543481165,-2.5438884357280585,0.919757367065738,50,2946.1109733581543
TIRMOO4,690_visualizing_galaxy,32.02899924754477,6.933283437820378,0.8822873581496772,14,3635.194142103195
TIRMOO4,659_sleuth_ex1714,1214.234426793789,14.203738111546082,0.6027710909820795,14,3518.188954114914
TIRMOO4,596_fri_c2_250_5,0.4938535691926147,-1.4110324487466688,0.7106945662968044,32,2966.8314216136932
TIRMOO4,651_fri_c0_100_25,0.6387685238938008,-0.8964262753191855,0.706950517277519,35,1501.6445083618164
TIRMOO4,657_fri_c2_250_10,0.32636305587246967,-2.239489697927014,0.8721213931303433,65,2405.895796060562
TIRMOO4,605_fri_c2_250_25,0.3550870762207905,-2.070784468910426,0.8537812947833711,62,1944.4490630626678
TIRMOO4,505_tecator,2.106887519920277,1.490423498802008,0.9796968419455595,8,2177.6589930057526
TIRMOO4,656_fri_c1_100_5,0.3592339400970803,-2.0475629179939587,0.8564416534846746,29,1946.8022463321686
TIRMOO4,584_fri_c4_500_25,0.31205294069898093,-2.3291648476789355,0.9081124313555816,62,2063.298429965973
TIRMOO4,192_vineyard,2.7107494956284603,1.9944503266133427,0.698728889388539,14,3441.398984193802
TIRMOO4,592_fri_c4_1000_25,0.30147553897425555,-2.398132794406398,0.8999063583600679,62,2353.4188628196716
TIRMOO4,210_cloud,0.3524977257805797,-2.0854222168738494,0.9371805848567469,14,3178.7177941799164
TIRMOO4,597_fri_c2_500_5,0.4032331487091795,-1.8164807030878078,0.8347512949844889,62,3296.0272755622864
TIRMOO4,589_fri_c2_1000_25,0.3528405534648537,-2.083478027985434,0.8679162296435955,74,2420.4971139431
TIRMOO4,591_fri_c1_100_10,0.6692585637705226,-0.8031696011850709,0.5224512926886631,26,2041.273862361908
TIRMOO4,611_fri_c3_100_5,0.5400011312517079,-1.2323680890308821,0.5901664334674239,35,1860.5843892097473
TIRMOO4,519_vinnie,1.6396830074258675,0.9890058699971708,0.6862001798575957,8,3721.5279614925385
TIRMOO4,593_fri_c1_1000_10,0.2948017334652601,-2.4429044770885677,0.9151732809764577,62,2869.158945083618
TIRMOO4,687_sleuth_ex1605,11.924611755354665,4.957208958082889,0.05034254481682876,23,3576.398044347763
TIRMOO4,623_fri_c4_1000_10,0.31487487923740765,-2.3111598556698763,0.9116584565106061,62,2831.9386360645294
TIRMOO4,210_cloud,0.5867025451425808,-1.0664746499899918,0.5894566873936172,14,2861.1860177516937
TIRMOO4,210_cloud,0.49187897792562735,-1.4190451451475778,0.757901515099966,17,2804.769363641739
TIRMOO4,653_fri_c0_250_25,0.35755241602077825,-2.0569466187110783,0.8461074195179182,50,1985.2427027225494
TIRMOO4,595_fri_c0_1000_10,0.3007690997431319,-2.4028248382020063,0.9058998522901935,50,2818.4130227565765
TIRMOO4,609_fri_c0_1000_5,0.3022308458392659,-2.3931283268168366,0.9124496335792613,50,3590.8795449733734
TIRMOO4,666_rmftsa_ladata,1.794028414636129,1.1689272044316321,0.6946011846328936,79,3573.3279824256897
TIRMOO4,616_fri_c4_500_50,0.3509806720455504,-2.0940482448594366,0.8808833079854448,62,2050.645273923874
TIRMOO4,628_fri_c3_1000_5,0.28417999207014516,-2.516294933353093,0.9045846898162933,62,3495.9526636600494
TIRMOO4,648_fri_c1_250_50,0.27210779361077175,-2.6031139823053153,0.9272980204447535,62,1832.2424800395966
TIRMOO4,557_analcatdata_apnea1,1169.7811366060284,14.129143895126994,0.8777418998650706,25,3454.592024087906
TIRMOO4,485_analcatdata_vehicle,180.9579207369419,10.396529044242653,0.5577397480656372,26,2170.680111646652
TIRMOO4,650_fri_c0_500_50,0.3138453723071654,-2.3177097184926483,0.8931281918343736,50,2055.6872477531433
TIRMOO4,1030_ERA,1.5829804433176142,0.9186188532656084,0.37995204468463195,38,3577.241062641144
TIRMOO4,656_fri_c1_100_5,0.5031893351284099,-1.3735775358428772,0.7895986103166417,29,1970.080105304718
TIRMOO4,626_fri_c2_500_50,0.29887450122099174,-2.4154630441198814,0.9025670929999248,62,1998.6643114089966
TIRMOO4,557_analcatdata_apnea1,1355.1259410597174,14.423299348852336,0.8956825320553373,25,3481.264651298523
TIRMOO4,593_fri_c1_1000_10,0.39144590904523485,-1.8758158729099832,0.8477727022501109,55,2853.0952577590942
TIRMOO4,659_sleuth_ex1714,701.4081208697966,13.106179831450891,0.9070721291045631,17,3518.9153785705566
TIRMOO4,505_tecator,1.7668379111821195,1.1383829161005559,0.9827003187385333,8,2135.9753189086914
TIRMOO4,641_fri_c1_500_10,0.3461884144837196,-2.1215442032145346,0.8896597882263134,65,2636.91917014122
TIRMOO4,595_fri_c0_1000_10,0.29460851565183477,-2.4442157391213266,0.9077259909385685,50,2852.8186452388763
TIRMOO4,678_visualizing_environmental,3.3610918218380443,2.4245317363337744,-0.1254861505881859,23,3634.1791303157806
TIRMOO4,647_fri_c1_250_10,0.3001060798908259,-2.4072385343829352,0.9093899667064058,65,2449.857691526413
TIRMOO4,582_fri_c1_500_25,0.2860410309568488,-2.5032400271366004,0.911278600544032,62,2087.3873229026794
TIRMOO4,621_fri_c0_100_10,0.4292457027457705,-1.691451580660658,0.7125930810917214,32,1961.8010540008545
TIRMOO4,618_fri_c3_1000_50,0.286432917373198,-2.500501831075759,0.9055581543973692,65,2223.352174758911
TIRMOO4,560_bodyfat,1.1672358089599522,0.30927679425045357,0.9804939244881756,8,3289.946994304657
TIRMOO4,523_analcatdata_neavote,1.0003716447635524,0.0007431514414860555,0.9309184181268683,8,3575.535704135895
TIRMOO4,653_fri_c0_250_25,0.2974849610839373,-2.4247832125051167,0.9065372312486186,50,1964.3070168495178
TIRMOO4,617_fri_c3_500_5,0.39707152327801204,-1.8472777102624842,0.8182389840171634,56,3144.8140590190887
TIRMOO4,601_fri_c1_250_5,0.5582404616106018,-1.1659309492810588,0.7474599518702993,41,2934.2898123264313
TIRMOO4,621_fri_c0_100_10,0.5969383427429156,-1.0318828988214077,0.49042880122310095,32,1949.6080486774445
TIRMOO4,611_fri_c3_100_5,0.40168837879496255,-1.824157336190444,0.7475905465166347,35,2061.692353963852
TIRMOO4,637_fri_c1_500_50,0.29066023530300855,-2.471200540474347,0.9161876957155364,62,2003.7594769001007
TIRMOO4,650_fri_c0_500_50,0.27137519233842267,-2.60850588405761,0.93512347091961,50,2034.9218664169312
TIRMOO4,644_fri_c4_250_25,0.28905778650824454,-2.4822573150839595,0.9071585337903754,59,1916.0974459648132
TIRMOO4,485_analcatdata_vehicle,215.59552390167823,10.746808155390772,0.5625742627250361,25,2029.2324359416962
TIRMOO4,646_fri_c3_500_10,0.3013066486213053,-2.399253533279213,0.9032959113594545,62,2516.419535636902
TIRMOO4,620_fri_c1_1000_25,0.35487671618227495,-2.0719696563632084,0.8950009347941521,68,2470.020387649536
TIRMOO4,561_cpu,16.075171977164548,5.554551936980754,0.9637175460978241,14,3222.7288744449615
TIRMOO4,557_analcatdata_apnea1,3578.2972984437556,16.36528470258846,0.16920117704027937,31,3488.5673797130585
TIRMOO4,523_analcatdata_neavote,0.630904171097133,-0.9212025925658113,0.9746510041071581,8,3558.6125190258026
TIRMOO4,485_analcatdata_vehicle,476.94054981901803,12.334783699235668,-2.253583299185758,34,2153.1782546043396
TIRMOO4,706_sleuth_case1202,47.74573265992683,7.731779389109304,0.6980285109337269,23,2824.0197846889496
TIRMOO4,582_fri_c1_500_25,0.2889200705815582,-2.4832104030101023,0.920337534861662,59,2138.511514186859
TIRMOO4,228_elusage,9.152891149553634,4.428139604014809,0.8370195020297743,8,3185.4345433712006
TIRMOO4,649_fri_c0_500_5,0.30609236931213585,-2.3677367241665874,0.9034127363648858,50,3414.3345432281494
TIRMOO4,485_analcatdata_vehicle,231.16580055843866,10.886270408793447,-0.4291670359065767,22,2047.2368319034576
TIRMOO4,623_fri_c4_1000_10,0.3286391176270772,-2.2255900743360497,0.8790343653210471,62,2754.015818834305
TIRMOO4,593_fri_c1_1000_10,0.27122790762468624,-2.6095916479787062,0.9292007546746464,62,2876.7404153347015
TIRMOO4,195_auto_price,1798.607148251883,14.989535675629437,0.9153986392327855,31,3252.652876138687
TIRMOO4,519_vinnie,1.4266952259763537,0.7107214778659173,0.7790843508176508,8,3693.430953025818
TIRMOO4,581_fri_c3_500_25,0.2961019314431905,-2.434103041907297,0.9097846012233591,62,2083.733182668686
TIRMOO4,583_fri_c1_1000_50,0.3090577356762913,-2.3484543453785016,0.9014918011320505,62,2252.5904507637024
TIRMOO4,586_fri_c3_1000_25,0.3137610152962809,-2.3182473612767804,0.9038209327411227,56,2348.1488127708435
TIRMOO4,646_fri_c3_500_10,0.25831376719360405,-2.707160562122074,0.9154008384206224,65,2445.2690029144287
TIRMOO4,584_fri_c4_500_25,0.24957067112059533,-2.7760263058284003,0.939993887987092,62,2109.8041286468506
TIRMOO4,658_fri_c3_250_25,0.5602462637415518,-1.1587576704724614,0.7611452561591876,59,1916.6909186840057
TIRMOO4,1029_LEV,0.6507822599478061,-0.8591603256948678,0.5285364978194755,32,3521.5230786800385
TIRMOO4,604_fri_c4_500_10,0.3098173350417097,-2.3435447939501155,0.9006970776446769,56,2550.2284355163574
TIRMOO4,589_fri_c2_1000_25,0.27906913307137676,-2.5525914781380914,0.923088076661127,71,2407.31671500206
TIRMOO4,195_auto_price,1809.2427673711277,15.00132735230847,0.9180358903793114,29,3254.9012978076935
TIRMOO4,644_fri_c4_250_25,0.3005440034473222,-2.4043222032527907,0.9013157371802348,56,1913.5931253433228
TIRMOO4,608_fri_c3_1000_10,0.2944662409250805,-2.445181828589139,0.9121262913269175,62,2715.0654335021973
TIRMOO4,542_pollution,49.8041612819904,7.816197080838001,0.21701132510629506,23,3578.3226084709167
TIRMOO4,228_elusage,8.81085673406554,4.351969361714886,0.6722990005257504,8,3208.4864704608917
TIRMOO4,646_fri_c3_500_10,0.26721102229947874,-2.6394331740992936,0.9339979923582094,62,2568.0575931072235
TIRMOO4,1096_FacultySalaries,7.011752042678688,3.8951752091591825,-0.21223367809046167,17,3447.2080466747284
TIRMOO4,612_fri_c1_1000_5,0.29280332291727945,-2.4565082963963536,0.9226817921002267,65,3688.005351305008
TIRMOO4,658_fri_c3_250_25,0.491922150719451,-1.4188696105091463,0.7002967167750699,53,1959.2940602302551
TIRMOO4,594_fri_c2_100_5,0.54737970491048,-1.2052251169825885,0.6498461976717691,29,2158.6484768390656
TIRMOO4,690_visualizing_galaxy,26.38146776601812,6.54532357018007,0.9220616364365334,14,3552.0829241275787
TIRMOO4,618_fri_c3_1000_50,0.265744116642975,-2.650442801391474,0.9292949938084831,62,2211.2269656658173
TIRMOO4,623_fri_c4_1000_10,0.33230470291864334,-2.203405902185312,0.8933164356355764,64,2613.9889607429504
TIRMOO4,519_vinnie,1.5175637855234587,0.8342125527240387,0.7796470295548438,8,3731.3077375888824
TIRMOO4,637_fri_c1_500_50,0.2985037036714382,-2.4179458772338918,0.9206366002586711,65,2064.5631692409515
TIRMOO4,678_visualizing_environmental,3.0725666515575734,2.2450265103251534,0.299369485385379,23,3588.193276643753
TIRMOO4,1029_LEV,0.6103460123553699,-0.9874584985227167,0.5971094684995184,32,3582.945198535919
TIRMOO4,228_elusage,9.26645345473244,4.452801446563344,0.8547399930406776,8,3176.4430339336395
TIRMOO4,651_fri_c0_100_25,0.39726566715838885,-1.8463000706072847,0.8129561818219208,38,1780.8462278842926
TIRMOO4,641_fri_c1_500_10,0.3383533957839415,-2.1673287600976763,0.8853296003695583,62,2567.8047404289246
TIRMOO4,542_pollution,44.82561466240541,7.605559463776199,0.13505718856966742,14,3605.3504683971405
TIRMOO4,1028_SWD,0.6271286346629753,-0.9332072008786452,0.37334237665033854,59,3725.503972053528
TIRMOO4,604_fri_c4_500_10,0.3675865721683026,-2.0015928350912637,0.8462901190160881,59,2578.4549429416656
TIRMOO4,645_fri_c3_500_50,0.33719303268182627,-2.174199430680137,0.9033264829698177,53,1961.8420944213867
TIRMOO4,228_elusage,11.110791863828021,4.815833751967229,0.7101939031554954,8,2985.4009535312653
TIRMOO4,1096_FacultySalaries,1.625359769929583,0.9714583763135436,0.6495854798723208,8,3842.5934693813324
TIRMOO4,620_fri_c1_1000_25,0.3070007178562502,-2.3618103862073982,0.9043274454488807,68,2425.720012664795
TIRMOO4,598_fri_c0_1000_25,0.2638071077720419,-2.665074190541982,0.9232944378689674,50,2292.457189321518
TIRMOO4,659_sleuth_ex1714,2678.3665113139486,15.78592475394798,0.2997602202424844,11,3517.7999937534332
TIRMOO4,579_fri_c0_250_5,0.5506837927654633,-1.1931890267785292,0.6486215967773267,32,3009.355538368225
TIRMOO4,644_fri_c4_250_25,0.34013211783586117,-2.156842309960265,0.8665764193906391,53,1937.6693828105927
TIRMOO4,579_fri_c0_250_5,0.46904452843886507,-1.5141151433524875,0.7609069128812155,41,3093.6863207817078
TIRMOO4,542_pollution,36.63686586160026,7.202109994871004,0.6402643960734442,20,3520.987959623337
TIRMOO4,547_no2,0.4891753420557446,-1.4300685621359237,0.5506402452933961,67,3370.813451051712
TIRMOO4,633_fri_c0_500_25,0.2690837459177085,-2.62546524943425,0.927065783234881,50,2123.928514957428
TIRMOO4,690_visualizing_galaxy,29.20675623176633,6.748800120621476,0.9017561999117905,14,3543.934285402298
TIRMOO4,210_cloud,0.2980126526887848,-2.4212386693817596,0.9392450566329505,14,2968.4950211048126
TIRMOO4,1029_LEV,0.6299721971402739,-0.9241591841875156,0.5752729353919691,32,3527.3089413642883
TIRMOO4,695_chatfield_4,20.050274185967144,5.996485657539311,0.8582247167606807,34,2155.9639155864716
TIRMOO4,606_fri_c2_1000_10,0.3239032758407788,-2.2546206782295686,0.8996786421768845,62,2996.709874868393
TIRMOO4,195_auto_price,2142.165518214401,15.339145041529587,0.7013843255004315,17,3260.710554122925
TIRMOO4,1089_USCrime,19.913850950236228,5.9828310345312055,0.701026422662344,14,3548.3049652576447
TIRMOO4,605_fri_c2_250_25,0.5276728511633273,-1.278557574753561,0.7466181245948094,62,1934.8088474273682
TIRMOO4,659_sleuth_ex1714,1328.5275069140782,14.383652940455157,0.6889884648743156,16,3565.5600316524506
TIRMOO4,618_fri_c3_1000_50,0.2896651134440147,-2.478059609005495,0.9006075127208205,62,2159.9023559093475
TIRMOO4,658_fri_c3_250_25,0.4114373599697116,-1.776196988196218,0.8123193375344536,65,1915.3442277908325
TIRMOO4,597_fri_c2_500_5,0.33202234265659625,-2.2051060303431567,0.901079084610261,70,3211.750392436981
TIRMOO4,596_fri_c2_250_5,0.4572524401627245,-1.5650393102404172,0.80735620703016,35,3013.2342097759247
TIRMOO4,695_chatfield_4,18.636838158022183,5.850280336307317,0.801193998869409,25,2169.7474462985992
TIRMOO4,598_fri_c0_1000_25,0.32584131212054285,-2.242689577528123,0.8944575644686392,50,2281.0022642612457
TIRMOO4,649_fri_c0_500_5,0.28407648112228134,-2.517023554698502,0.9090513953590604,50,3417.0323584079742
TIRMOO4,617_fri_c3_500_5,0.41634663621577206,-1.7524742111106038,0.8029683224563717,56,3095.603492975235
TIRMOO4,613_fri_c3_250_5,0.5825094068021336,-1.0808198893122742,0.6723968064054998,26,2896.881938457489
TIRMOO4,637_fri_c1_500_50,0.33955873643992296,-2.160216676576183,0.8947411508431552,59,2024.74005484581
TIRMOO4,583_fri_c1_1000_50,0.2646398131771027,-2.6587711461963055,0.9310128078794775,68,2277.9331176280975
TIRMOO4,617_fri_c3_500_5,0.32186244577004003,-2.2672620235153507,0.90968997962747,62,3151.8713018894196
TIRMOO4,617_fri_c3_500_5,0.34415426551309314,-2.1333305517434384,0.867392733663555,65,3201.9799840450287
TIRMOO4,621_fri_c0_100_10,0.44409921357071425,-1.623414575047882,0.6618624303788725,32,1965.8154475688934
TIRMOO4,1089_USCrime,16.13106412372953,5.561493723348016,0.8646901229367085,14,3525.1594426631927
TIRMOO4,654_fri_c0_500_10,0.3322191117039039,-2.2039211054832486,0.8751618718035836,50,2661.421939134598
TIRMOO4,650_fri_c0_500_50,0.27009005536093966,-2.6179996744429395,0.9310583437475741,53,2000.0149326324463
TIRMOO4,229_pwLinear,1.642111424454735,0.991965735427502,0.8686095466682193,58,1989.2482659816742
TIRMOO4,527_analcatdata_election2000,15240.502510093203,19.26342360360053,0.9207928831172343,8,2590.5655846595764
TIRMOO4,1089_USCrime,14.371041466534285,5.330430345038643,0.8708416872828854,14,3536.342616081238
TIRMOO4,192_vineyard,2.350287606627003,1.7090754129325227,0.48594110136393265,11,3433.975955724716
TIRMOO4,598_fri_c0_1000_25,0.2952689034140194,-2.439737601686393,0.9142971027021263,50,2344.771866798401
TIRMOO4,646_fri_c3_500_10,0.2832882864699947,-2.522580439470789,0.9297827778931257,59,2495.6180453300476
TIRMOO4,192_vineyard,4.064644057540496,2.80465235289054,0.3218931409470853,23,3372.2178027629852
TIRMOO4,612_fri_c1_1000_5,0.24605706555090087,-2.804383592334765,0.9377578442014847,68,3617.0982360839844
TIRMOO4,622_fri_c2_1000_50,0.324321419901678,-2.2520404363989655,0.9018414140070082,68,2234.1212108135223
TIRMOO4,612_fri_c1_1000_5,0.2653630774565192,-2.6533125742438535,0.9343327152925639,62,3670.5968585014343
TIRMOO4,195_auto_price,2745.978373231371,15.835785421123573,0.7473907390285816,20,3277.2056715488434
TIRMOO4,591_fri_c1_100_10,0.9239917754475567,-0.15810421682170014,0.19476486284536954,20,1793.402142047882
TIRMOO4,560_bodyfat,0.5272486778140623,-1.2801659346570158,0.9966364727700123,8,3373.2058770656586
TIRMOO4,635_fri_c0_250_10,0.3150225600403519,-2.3102220470906287,0.897309754176833,50,2173.885975599289
TIRMOO4,627_fri_c2_500_10,0.28018901872334806,-2.5445816733978637,0.919361629843104,65,2654.6261434555054
TIRMOO4,603_fri_c0_250_50,0.31017778924327394,-2.3412192644221745,0.9086776790738047,50,1896.1342759132385
TIRMOO4,645_fri_c3_500_50,0.2871744819015,-2.495330594146954,0.9151503418619538,56,2024.6686482429504
TIRMOO4,612_fri_c1_1000_5,0.24544015035936226,-2.8094042963839017,0.9351394167320553,62,3694.9244027137756
TIRMOO4,608_fri_c3_1000_10,0.2429226772051732,-2.830024174159924,0.9372812520287921,62,2728.9132623672485
TIRMOO4,594_fri_c2_100_5,0.7906767434288872,-0.46973212594719543,0.47524041024610386,35,2134.5966906547546
TIRMOO4,633_fri_c0_500_25,0.3040975596745708,-2.3808134181551552,0.9120071573692929,50,2131.012380361557
TIRMOO4,621_fri_c0_100_10,0.514353400101582,-1.3296894018892516,0.758331822620359,32,1936.2976658344269
TIRMOO4,593_fri_c1_1000_10,0.30501722985273133,-2.3747740252997387,0.9076929298405184,62,2985.198961019516
TIRMOO4,519_vinnie,1.6239139660910262,0.9696785275824897,0.7120272422425645,8,3749.4712319374084
TIRMOO4,666_rmftsa_ladata,1.5630768454706485,0.8933124311981192,0.6665856723458601,41,3543.504555463791
TIRMOO4,594_fri_c2_100_5,0.6744058871911136,-0.7878462856168071,0.45380367100438024,29,1976.1032660007477
TIRMOO4,589_fri_c2_1000_25,0.3552412631705435,-2.069916211550418,0.8525731673329504,62,2353.8378438949585
TIRMOO4,592_fri_c4_1000_25,0.2645124599545374,-2.6597338424294374,0.9447567025276546,62,2359.135517835617
TIRMOO4,647_fri_c1_250_10,0.40637674011802705,-1.8009492366346764,0.8505456628133441,59,2251.0631551742554
TIRMOO4,591_fri_c1_100_10,0.5481333363492137,-1.2024734142488618,0.6987763445246451,29,1945.1089642047882
TIRMOO4,609_fri_c0_1000_5,0.2950675427805865,-2.441101980542146,0.9165105354152653,50,3638.5139219760895
TIRMOO4,666_rmftsa_ladata,1.7115071934261945,1.0747487639488353,0.6293144538941375,59,3499.1102747917175
TIRMOO4,628_fri_c3_1000_5,0.2842517546525568,-2.515789946900759,0.910524239540877,68,3468.162829875946
TIRMOO4,603_fri_c0_250_50,0.31224306650969746,-2.3279466703117953,0.8963464248927293,50,1878.849630355835
TIRMOO4,712_chscase_geyser1,6.529752618191444,3.752738117359354,0.72361217574205,8,3721.34121465683
TIRMOO4,617_fri_c3_500_5,0.36830702005280475,-1.99767679004186,0.8336437128131938,62,3047.4722714424133
TIRMOO4,192_vineyard,2.9519767338614984,2.1649500504478696,0.5318836103951455,14,3403.192391872406
TIRMOO4,631_fri_c1_500_5,0.2703010373192029,-2.6164379760963814,0.9314409515445252,62,3350.940711736679
TIRMOO4,603_fri_c0_250_50,0.3899407407000246,-1.8835209966531241,0.8392738861066105,38,1595.7162964344025
TIRMOO4,604_fri_c4_500_10,0.32892511624173504,-2.2238503286627838,0.8981715109549937,59,2534.439736366272
TIRMOO4,207_autoPrice,2172.7524955976587,15.367500147812656,0.6927958582901459,17,3245.1918692588806
TIRMOO4,229_pwLinear,1.597810291590233,0.9372682482909388,0.8518770957621618,58,1799.475096464157
TIRMOO4,648_fri_c1_250_50,0.3802267783418988,-1.9339748383137247,0.8598609906179911,59,1861.4129266738892
TIRMOO4,648_fri_c1_250_50,0.2727654040852734,-2.5982863578482567,0.9132497220670138,65,1845.9627811908722
TIRMOO4,229_pwLinear,2.0749618495256215,1.4598855354857128,0.8247651234804965,58,1778.371980190277
TIRMOO4,613_fri_c3_250_5,0.43178147307051135,-1.6796713361936002,0.7890746936830847,29,2898.1258742809296
TIRMOO4,623_fri_c4_1000_10,0.3045292487482809,-2.3779762828852142,0.9054662849541599,62,2716.0637447834015
TIRMOO4,650_fri_c0_500_50,0.31195918768036807,-2.3297658168912605,0.9079675014572685,50,2018.939796924591
TIRMOO4,605_fri_c2_250_25,0.40823304899058427,-1.7918341382868272,0.8294145968519812,65,1955.2867398262024
TIRMOO4,659_sleuth_ex1714,1039.3876140923778,13.892773972203868,0.716765273888162,14,3521.80345082283
TIRMOO4,523_analcatdata_neavote,0.6758367115837153,-0.7836075660579138,0.9703436486647952,8,3565.10076379776
TIRMOO4,1028_SWD,0.6465895318569668,-0.87208720668186,0.31919761290252435,77,3674.80775141716
TIRMOO4,229_pwLinear,2.1095993684520504,1.4929961133766367,0.7849571354135845,56,2000.50350356102
TIRMOO4,612_fri_c1_1000_5,0.3068695858179169,-2.3626648470897247,0.9073084173001283,62,3685.078516483307
TIRMOO4,583_fri_c1_1000_50,0.303699812437404,-2.3834310490446273,0.8817957936763932,65,2290.4921090602875
TIRMOO4,557_analcatdata_apnea1,1085.6075907193888,13.979790201368605,0.9026666384937887,25,3467.6328949928284
TIRMOO4,1096_FacultySalaries,1.69742062570733,1.0582196396661059,0.7652534026181715,8,3663.353402853012
TIRMOO4,620_fri_c1_1000_25,0.30221239699975505,-2.3932504149681075,0.9069392482351982,62,2385.18497300148
TIRMOO4,651_fri_c0_100_25,0.6734589756741873,-0.7906563942524587,0.4665118554854836,50,1723.4430689811707
TIRMOO4,643_fri_c2_500_25,0.30643842275704575,-2.365476896669209,0.9065207634466912,68,2118.108238697052
TIRMOO4,659_sleuth_ex1714,1495.6641947256144,14.620651329142476,0.5732365101052042,16,3519.1933505535126
TIRMOO4,613_fri_c3_250_5,0.5869201491635102,-1.0657330009933297,0.6856307195398708,29,2840.383281469345
TIRMOO4,584_fri_c4_500_25,0.25929372239898263,-2.699587593060215,0.9305433860677523,62,2129.020480632782
TIRMOO4,591_fri_c1_100_10,0.4247732220543693,-1.712399695272947,0.8692986346725393,29,2042.5990889072418
TIRMOO4,519_vinnie,1.4728661453604697,0.7744205224535505,0.7023406588257548,8,3566.461894273758
TIRMOO4,621_fri_c0_100_10,0.5215945650541227,-1.3017293763643603,0.6957368012073193,32,1940.9677248001099
TIRMOO4,599_fri_c2_1000_5,0.3070798688101176,-2.3612948124796214,0.9128107617704392,68,3710.287380218506
TIRMOO4,207_autoPrice,2125.5472219316016,15.323569128820036,0.8574188710078806,23,3264.355800151825
TIRMOO4,659_sleuth_ex1714,1442.2508605792718,14.547920539657968,0.5993849527753793,14,3538.734840154648
TIRMOO4,616_fri_c4_500_50,0.40576221651757893,-1.8039759291124098,0.8293153632198091,56,2051.551819086075
TIRMOO4,561_cpu,87.9145003489091,8.952729510474907,0.8367359583321993,14,3165.8638467788696
TIRMOO4,603_fri_c0_250_50,0.4343193777765339,-1.6679502440485336,0.8181244530073014,38,1591.62704539299
TIRMOO4,627_fri_c2_500_10,0.45040241793466407,-1.595227667509699,0.7812829071838542,65,2738.101454257965
TIRMOO4,613_fri_c3_250_5,0.5598541982440306,-1.1601577788621609,0.6712922419564578,29,2891.4896397590637
TIRMOO4,523_analcatdata_neavote,1.885427203351904,1.2683088566010214,0.7473536118987817,8,3471.8644857406616
TIRMOO4,613_fri_c3_250_5,0.4664378140741767,-1.5252611414880064,0.7609884975682859,32,2841.6579146385193
TIRMOO4,1030_ERA,1.5778621824391632,0.912141763504572,0.39317346600617764,32,3581.8550837039948
TIRMOO4,712_chscase_geyser1,6.801624519668263,3.834322967202454,0.7430024687027379,8,3701.0344734191895
TIRMOO4,606_fri_c2_1000_10,0.3141499301300546,-2.3157698450854176,0.9109338866768396,62,2843.1218123435974
TIRMOO4,597_fri_c2_500_5,0.2883817860015682,-2.486940061800187,0.9229529087817656,68,3291.204662322998
TIRMOO4,633_fri_c0_500_25,0.2711601438215166,-2.610091392051914,0.9253229939997181,50,2170.5603334903717
TIRMOO4,687_sleuth_ex1605,12.39182336629904,5.0340736983272905,0.37732583628844263,14,3558.4835143089294
TIRMOO4,658_fri_c3_250_25,0.3102568585398562,-2.340709497294933,0.8876611100141549,61,1982.2902204990387
TIRMOO4,229_pwLinear,2.0673520388688003,1.4525371602320094,0.7804309535650942,58,1860.6425099372864
TIRMOO4,643_fri_c2_500_25,0.3039918926707753,-2.3815084935553386,0.8959001037554195,62,2131.2253885269165
TIRMOO4,586_fri_c3_1000_25,0.2959034983603502,-2.435443793733425,0.9151233747652103,59,2349.032866001129
TIRMOO4,604_fri_c4_500_10,0.3155874472153705,-2.306638930301416,0.8984126059902523,59,2580.2879071235657
TIRMOO4,607_fri_c4_1000_50,0.2896700900730657,-2.478025248041266,0.9265505506272911,65,2248.8254947662354
TIRMOO4,561_cpu,42.35569511284864,7.492205778675528,0.9201371111299574,11,3177.488580942154
TIRMOO4,650_fri_c0_500_50,0.30732241907641505,-2.359715714981583,0.8956748215703011,50,2036.7771100997925
TIRMOO4,611_fri_c3_100_5,0.6292892668878145,-0.9263284884628287,0.6686908789214551,32,2118.9398703575134
TIRMOO4,228_elusage,10.1212468361381,4.629273722844348,0.8008615530019652,8,3316.716495513916
TIRMOO4,602_fri_c3_250_10,0.3470948046678852,-2.116314648103161,0.8832256969238474,59,2427.1693227291107
TIRMOO4,647_fri_c1_250_10,0.28793357357403465,-2.4900509455235054,0.9280370570593708,68,2386.0272488594055
TIRMOO4,596_fri_c2_250_5,0.5935967514255872,-1.0431101196194625,0.6473426629285894,29,3014.222755432129
TIRMOO4,604_fri_c4_500_10,0.2901338569377242,-2.4748257736951262,0.9148922918610309,56,2591.99226975441
TIRMOO4,631_fri_c1_500_5,0.3114939420601456,-2.332750777167438,0.913121980753544,62,3388.5496048927307
TIRMOO4,641_fri_c1_500_10,0.32609907247167097,-2.241108080994691,0.8966684418911804,65,2610.7563755512238
TIRMOO4,561_cpu,28.514362684794442,6.700815828369891,0.9331510638526648,14,3197.4293146133423
TIRMOO4,599_fri_c2_1000_5,0.29756841946453144,-2.4242221980894727,0.8981280933231478,62,3689.942907810211
TIRMOO4,651_fri_c0_100_25,0.5808670488594629,-1.0864667597667064,0.6464548867745068,35,1740.195795059204
TIRMOO4,637_fri_c1_500_50,0.4764246271693661,-1.482891497053849,0.7390637668056779,62,2038.2730166912079
TIRMOO4,607_fri_c4_1000_50,0.2828849874965722,-2.525429737098769,0.9243464420414932,65,2196.3773300647736
TIRMOO4,1028_SWD,0.6543032418593049,-0.8483687248402035,0.2352726351360499,118,3807.957289457321
TIRMOO4,595_fri_c0_1000_10,0.2987493012185678,-2.416301029512997,0.9105775126865852,50,2734.633288860321
TIRMOO4,659_sleuth_ex1714,895.2144501787735,13.59412659742293,0.8031348794727691,17,3555.8113157749176
TIRMOO4,589_fri_c2_1000_25,0.2909904333712404,-2.468929774727918,0.9217707947711733,71,2444.4050481319427
TIRMOO4,643_fri_c2_500_25,0.38212831746418924,-1.923997634376879,0.8297785130173809,68,2104.8833980560303
TIRMOO4,654_fri_c0_500_10,0.3282681307046706,-2.2278490657707746,0.9044261321385393,53,2558.0893471240997
TIRMOO4,583_fri_c1_1000_50,0.2806990641993231,-2.5409442588612103,0.9238544139420786,62,2286.8288280963898
TIRMOO4,582_fri_c1_500_25,0.3381365793879437,-2.1686107681769036,0.8960450092146668,59,2119.598772287369
TIRMOO4,618_fri_c3_1000_50,0.31459194345013486,-2.312957795107696,0.9120793235836119,62,2203.2811994552612
TIRMOO4,631_fri_c1_500_5,0.2927337493751174,-2.456983576584623,0.9227518451770513,62,3447.750158071518
TIRMOO4,656_fri_c1_100_5,0.47561204950126496,-1.486305558235864,0.7339251777863365,23,2143.312206506729
TIRMOO4,653_fri_c0_250_25,0.29163160098493357,-2.464527827429548,0.9162165112742441,50,1976.720736503601
TIRMOO4,605_fri_c2_250_25,0.3909407561850273,-1.8783984983705209,0.8427529931013782,62,1940.7241644859314
TIRMOO4,611_fri_c3_100_5,0.439370203110518,-1.6448258680124173,0.8533803599297325,35,1893.803043603897
TIRMOO4,599_fri_c2_1000_5,0.29395647976695866,-2.4486471012084476,0.9161500990661999,68,3691.0469081401825
TIRMOO4,602_fri_c3_250_10,0.2716717886420711,-2.6063212013798447,0.9432343875251256,59,2341.447595834732
TIRMOO4,624_fri_c0_100_5,0.3748590489251092,-1.9624103864028541,0.8224430074437183,38,2178.1133666038513
TIRMOO4,1030_ERA,1.5668185510895691,0.898094325705556,0.37688833780437847,41,3581.9061391353607
TIRMOO4,654_fri_c0_500_10,0.5656728366518596,-1.1394787900357755,0.6651556056882452,50,2578.879685640335
TIRMOO4,505_tecator,1.7681922101292065,1.1399153488854197,0.9878557243637914,8,2325.463922739029
TIRMOO4,579_fri_c0_250_5,0.48311713471933454,-1.4549922795693964,0.7175793578830969,32,3023.580044031143
TIRMOO4,597_fri_c2_500_5,0.5289721472028576,-1.2736390006008627,0.672205501408575,68,3324.168231487274
TIRMOO4,597_fri_c2_500_5,0.2807018581427746,-2.5409243519224054,0.9191225844590483,70,3252.436333656311
TIRMOO4,623_fri_c4_1000_10,0.35200160538204556,-2.088239085299985,0.8771391331233921,59,2480.957959651947
TIRMOO4,542_pollution,40.8140969870043,7.418055072242252,0.06972746778026595,17,3589.463383436203
TIRMOO4,635_fri_c0_250_10,0.3347839073990173,-2.188540015666436,0.8742861548122471,50,2354.462985277176
TIRMOO4,605_fri_c2_250_25,0.584100434050992,-1.075364669650789,0.6948656362782917,49,1734.1221356391907
TIRMOO4,626_fri_c2_500_50,0.41026449954418376,-1.7819064128906146,0.8226069480773941,68,1997.2227931022644
TIRMOO4,583_fri_c1_1000_50,0.3279693221694614,-2.229670409886696,0.8886876042744345,59,2224.075005054474
TIRMOO4,622_fri_c2_1000_50,0.28386608678100583,-2.518505354885986,0.9203325894262834,71,2271.25021648407
TIRMOO4,654_fri_c0_500_10,0.32687091594843465,-2.2363798769428267,0.8801507854692115,50,2671.141078233719
TIRMOO4,595_fri_c0_1000_10,0.2898228526142219,-2.4769707914055292,0.9181637642117368,50,2883.2289917469025
TIRMOO4,522_pm10,0.8405645457460146,-0.347363069238347,0.2345952607525834,121,3445.7528052330017
TIRMOO4,485_analcatdata_vehicle,225.800500732484,10.839303738612069,-0.8443625646534414,20,2409.233320951462
TIRMOO4,617_fri_c3_500_5,0.3917533725268447,-1.874245577815802,0.8296926749581405,62,3170.48787522316
TIRMOO4,195_auto_price,2563.8610319126788,15.698539233699316,0.8569737986865875,23,3320.1192519664764
TIRMOO4,604_fri_c4_500_10,0.23652575410087712,-2.8833963602930353,0.947265023735091,62,2523.3132503032684
TIRMOO4,589_fri_c2_1000_25,0.33445505727033314,-2.1905055327538276,0.8700497417490363,68,2406.977927207947
TIRMOO4,542_pollution,49.87115303568861,7.8188854802373475,0.20298679869725123,17,3604.3125274181366
TIRMOO4,606_fri_c2_1000_10,0.2812627599150893,-2.536931915811292,0.9191618384844449,68,2858.7717955112457
TIRMOO4,648_fri_c1_250_50,0.23018450059083423,-2.937748230297296,0.9472254410805144,65,1857.3434238433838
TIRMOO4,618_fri_c3_1000_50,0.33951139274326747,-2.1604955502576932,0.8902329285265043,62,2190.96906709671
TIRMOO4,1028_SWD,0.6559853705956056,-0.8432335824161002,0.29822564444692934,95,3758.94566321373
TIRMOO4,1029_LEV,0.6408437078238306,-0.8899393546791896,0.5959458305220433,26,3496.1310551166534
TIRMOO4,560_bodyfat,1.1982312572869223,0.3616930343936741,0.9836774587855727,8,3404.9283068180084
TIRMOO4,1030_ERA,1.5090583550493153,0.822971700752352,0.33564587681804614,43,3547.553069114685
TIRMOO4,687_sleuth_ex1605,13.638508303766281,5.225794569081801,-0.3476236207863834,17,3583.0628876686096
TIRMOO4,624_fri_c0_100_5,0.5226913508929327,-1.2975282807627044,0.7349227697488492,32,2128.169219493866
TIRMOO4,616_fri_c4_500_50,0.33959031284317975,-2.160030700297115,0.8878289544593604,62,2052.499861240387
TIRMOO4,695_chatfield_4,15.326931165912974,5.4592229759442095,0.8062659171680002,23,1932.1951270103455
TIRMOO4,695_chatfield_4,21.769804550770967,6.161047794580519,0.7598521182540103,25,1944.849452495575
TIRMOO4,603_fri_c0_250_50,0.3521344423901702,-2.0874844753911708,0.8592712405915568,50,1860.726214170456
TIRMOO4,1028_SWD,0.6310561348005893,-0.9207209174973306,0.36220043231495425,89,3696.0039682388306
TIRMOO4,1096_FacultySalaries,4.93114671598745,3.1911431211985652,-0.5612543498056393,14,3430.643079996109
TIRMOO4,666_rmftsa_ladata,1.959776148551994,1.3456605135950481,0.6327029178793802,61,3580.640634059906
TIRMOO4,210_cloud,0.43878446459222753,-1.647493911019868,0.6171051667060473,17,2810.0058975219727
TIRMOO4,666_rmftsa_ladata,1.6497238210219414,1.0012157854077393,0.711510780956359,73,3614.2842519283295
TIRMOO4,666_rmftsa_ladata,1.5615542103529414,0.8913632279660871,0.6927469042564927,67,3532.798458337784
TIRMOO4,637_fri_c1_500_50,0.640474439069062,-0.8910921324366494,0.5141554228911642,38,1717.7269043922424
TIRMOO4,595_fri_c0_1000_10,0.29463268429896683,-2.4440516728805575,0.9117669665574086,50,2796.9138309955597
TIRMOO4,631_fri_c1_500_5,0.31946634919904104,-2.2822066680642465,0.9000370117553518,71,3319.9958600997925
TIRMOO4,229_pwLinear,2.034200682716025,1.4202059136564622,0.824154367969874,58,2083.8034749031067
TIRMOO4,635_fri_c0_250_10,0.31119492699347256,-2.3346715764912545,0.8769478726183059,50,2337.885841846466
TIRMOO4,646_fri_c3_500_10,0.2718091307785868,-2.605310368178298,0.9326297641461265,59,2609.3489248752594
TIRMOO4,1027_ESL,0.5988282740799734,-1.0255608192979335,0.857446850443342,20,3472.1420636177063
TIRMOO4,651_fri_c0_100_25,0.5213139442473116,-1.3028056771561587,0.6910786223336729,41,1774.5081505775452
TIRMOO4,560_bodyfat,0.3847557786491055,-1.9102929742899852,0.9976246549506498,8,3322.9513976573944
TIRMOO4,695_chatfield_4,23.252784778333197,6.292849800546088,0.7976571062411872,34,2139.0670244693756
TIRMOO4,628_fri_c3_1000_5,0.247957258899325,-2.7889977816356497,0.9415943736020228,62,3435.9720101356506
TIRMOO4,595_fri_c0_1000_10,0.31086318974352295,-2.3368047359017496,0.8992502662306402,50,2559.937903881073
TIRMOO4,649_fri_c0_500_5,0.2687326955717919,-2.6280761803667483,0.9259247669822017,50,3440.374789237976
TIRMOO4,641_fri_c1_500_10,0.3470581845545646,-2.1165256685204072,0.8849641075684329,65,2703.888877391815
TIRMOO4,561_cpu,39.57214278069949,7.3562508111577705,0.944990096612039,11,3227.5195903778076
TIRMOO4,690_visualizing_galaxy,28.320009747951485,6.687137226065572,0.9017278664236428,14,3567.339458465576
TIRMOO4,1027_ESL,0.7280717541608297,-0.6347113444695431,0.797092970771669,14,3541.32914686203
TIRMOO4,645_fri_c3_500_50,0.4597358736647489,-1.5542062841864055,0.7903119075536984,53,1952.951183795929
TIRMOO4,644_fri_c4_250_25,0.42395052705275915,-1.7162770240746685,0.7053807275955291,59,1921.4505734443665
TIRMOO4,192_vineyard,3.804329407479382,2.672279471920273,0.5906060994788687,23,3495.4063436985016
TIRMOO4,1030_ERA,1.5893026335839837,0.9265906495818409,0.3603131467779698,32,3557.2190551757812
TIRMOO4,624_fri_c0_100_5,0.539323924777125,-1.234877829945972,0.8047964475113494,32,1991.1961770057678
TIRMOO4,527_analcatdata_election2000,28568.987548337875,20.52015411403368,0.8931504433210264,8,2484.993746995926
TIRMOO4,602_fri_c3_250_10,0.28759033316436633,-2.4924365315702026,0.8956856974264756,59,2261.349315404892
TIRMOO4,623_fri_c4_1000_10,0.2826891542420662,-2.5268147598420674,0.9096740559007706,62,2851.091367483139
TIRMOO4,687_sleuth_ex1605,9.099263796307193,4.416387017490794,0.5511999233822009,14,3556.9758286476135
TIRMOO4,695_chatfield_4,20.467653484781835,6.037691522382917,0.8354066187064948,31,1990.8376190662384
TIRMOO4,603_fri_c0_250_50,0.4748888116542255,-1.4893491661532239,0.7260106709121021,38,1578.0536670684814
TIRMOO4,657_fri_c2_250_10,0.3617824190319849,-2.033424600517205,0.864124803628433,65,2529.3703303337097
TIRMOO4,608_fri_c3_1000_10,0.2425400294252995,-2.8331770248641384,0.9227170197978952,62,2746.180443048477
TIRMOO4,1096_FacultySalaries,2.111259032627115,1.494568934924191,0.7744952732958781,8,3573.590713262558
TIRMOO4,622_fri_c2_1000_50,0.39217628331809756,-1.8720876758707652,0.8131257021026945,65,2245.0150368213654
TIRMOO4,230_machine_cpu,42.26373264466506,7.487858668002443,0.9384963280364947,17,3703.9486181735992
TIRMOO4,649_fri_c0_500_5,0.30857905149397896,-2.3515544474974073,0.9063812079978787,47,3383.1266751289368
TIRMOO4,1096_FacultySalaries,3.532565524846105,2.5240487690941515,0.5908105738728098,8,3487.7459857463837
TIRMOO4,522_pm10,0.9369164701797295,-0.13032229347391291,-0.13180308292358234,74,3371.3261756896973
TIRMOO4,195_auto_price,2307.303472119992,15.487669587142276,0.7958166156291558,26,3298.373507499695
TIRMOO4,560_bodyfat,0.5090031752923216,-1.35060204831149,0.99636480247503,8,3322.1803328990936
TIRMOO4,606_fri_c2_1000_10,0.2839921049450015,-2.5176176813935505,0.9212143341224287,68,2921.1720867156982
TIRMOO4,645_fri_c3_500_50,0.300397601217518,-2.4052966888371743,0.9010063685621338,56,1993.142583847046
TIRMOO4,599_fri_c2_1000_5,0.30996527612988123,-2.342590000522132,0.9093952265456944,68,3694.618770122528
TIRMOO4,601_fri_c1_250_5,0.48177297506104605,-1.4605645639743323,0.7850362051409002,32,3028.0040814876556
TIRMOO4,1029_LEV,0.6378021017387034,-0.8994544582346221,0.5169756428795081,26,3612.302807569504
TIRMOO4,591_fri_c1_100_10,149.1715847458483,10.010194437733038,-28479.06388989404,32,1998.1146831512451
TIRMOO4,678_visualizing_environmental,2.3499814575788402,1.7088148754659107,0.23285006540605535,17,3662.0704457759857
TIRMOO4,678_visualizing_environmental,3.0014777498341716,2.1982095013336984,0.12962941047397403,20,3591.6632204055786
TIRMOO4,663_rabe_266,6.292010795007381,3.678561401732851,0.9864696905384976,14,2577.6770617961884
TIRMOO4,659_sleuth_ex1714,2844.090589339861,15.905997286415271,0.3640800554487732,11,3538.7583796977997
TIRMOO4,582_fri_c1_500_25,0.3875471951313988,-1.8958352874350561,0.8595914181642269,56,1822.1945905685425
TIRMOO4,627_fri_c2_500_10,0.33367834763164284,-2.195155562121493,0.8897193456572335,65,2481.8630118370056
TIRMOO4,611_fri_c3_100_5,0.4205205554777324,-1.7325238346895753,0.7606989909642687,29,1908.5896258354187
TIRMOO4,626_fri_c2_500_50,0.3614161486415641,-2.035450436508088,0.8682549072259039,65,2016.3372242450714
TIRMOO4,605_fri_c2_250_25,0.37701064297060066,-1.9509637224827125,0.8874309729300821,65,1968.8203485012054
TIRMOO4,230_machine_cpu,102.591891201055,9.261517792970537,0.8282091517358282,17,3614.493714570999
TIRMOO4,609_fri_c0_1000_5,0.31215373256562473,-2.3285189598867233,0.9046931755551438,50,3628.837916135788
TIRMOO4,644_fri_c4_250_25,0.32612851821001737,-2.2409274953292755,0.8510012565608889,53,1952.1877982616425
TIRMOO4,522_pm10,0.7296176811035459,-0.6304692130939551,0.1856173997560414,80,3334.9575781822205
TIRMOO4,523_analcatdata_neavote,0.8650462385631267,-0.28994463698530193,0.9542645587930145,8,3501.329328775406
TIRMOO4,586_fri_c3_1000_25,0.2761932306034946,-2.573309094692113,0.9281824621062518,62,2368.199414253235
TIRMOO4,210_cloud,0.24908609993625336,-2.779913318820062,0.9542183662740107,14,3057.7206909656525
TIRMOO4,633_fri_c0_500_25,0.3205084341295091,-2.27569337486194,0.8841287800212205,50,2117.8448452949524
TIRMOO4,207_autoPrice,2836.6048353199753,15.9007262709545,0.7304416924023651,22,3241.861088037491
TIRMOO4,601_fri_c1_250_5,0.5468520246726346,-1.207154069559941,0.6031900443179377,29,3059.84614610672
TIRMOO4,658_fri_c3_250_25,0.330484974300944,-2.214388168522257,0.8376800735334105,59,1945.227514743805
TIRMOO4,645_fri_c3_500_50,0.2714689817701901,-2.607814787517026,0.9204272452897856,53,1975.6550567150116
TIRMOO4,230_machine_cpu,92.40743344527696,9.052414847907572,0.8302981846810173,17,3603.943696975708
TIRMOO4,579_fri_c0_250_5,0.5830922348768537,-1.0788197956183287,0.6978594548424437,32,3017.232964515686
TIRMOO4,656_fri_c1_100_5,0.5512782938060184,-1.1910310538120294,0.7575138339318068,29,1955.7688603401184
TIRMOO4,601_fri_c1_250_5,0.43559647769866316,-1.662077948094495,0.8098853958147257,38,3020.7253954410553
TIRMOO4,706_sleuth_case1202,67.50224691458621,8.424321769895926,0.5330177315234026,17,2469.6344125270844
TIRMOO4,598_fri_c0_1000_25,0.3348609486114867,-2.1880798241955817,0.8813345691968383,50,2308.050863981247
TIRMOO4,695_chatfield_4,19.437924560465675,5.934452064079966,0.8438525186136484,28,2123.1128334999084
TIRMOO4,650_fri_c0_500_50,0.29706386718911265,-2.427616244513329,0.9081273242837486,50,2052.728965997696
TIRMOO4,645_fri_c3_500_50,0.27966384378470294,-2.5483339099432722,0.9190232913073652,53,1979.2303488254547
TIRMOO4,653_fri_c0_250_25,0.2750296472605069,-2.5817527578128585,0.9019311681528145,50,1963.5392470359802
TIRMOO4,593_fri_c1_1000_10,0.270436475801488,-2.6154360963907495,0.923554843682507,65,3056.4546933174133
TIRMOO4,584_fri_c4_500_25,0.24979152732540297,-2.7742571993970735,0.9411801651483944,65,2127.959983587265
TIRMOO4,633_fri_c0_500_25,0.2828554314834143,-2.5256387093566683,0.9191579860877858,50,2175.879579305649
TIRMOO4,542_pollution,44.58945726627448,7.594994893837257,0.4889880331878269,23,3560.591914653778
TIRMOO4,485_analcatdata_vehicle,151.11595764047246,10.036094947000674,0.6573334374565749,22,2006.4144206047058
TIRMOO4,624_fri_c0_100_5,0.4176345635387857,-1.7462969574878435,0.8210929982510086,38,2131.8869733810425
TIRMOO4,609_fri_c0_1000_5,0.2856549852591342,-2.505941083260422,0.9205428357693403,50,3641.8054082393646
TIRMOO4,485_analcatdata_vehicle,249.11114411217704,11.035798317542328,0.23309642430651023,34,1939.140929222107
TIRMOO4,586_fri_c3_1000_25,0.3131825184246073,-2.3219382648732947,0.8955880755668865,62,2327.4885261058807
TIRMOO4,626_fri_c2_500_50,0.3436059026590278,-2.1365198203032825,0.8772684590475069,71,2044.5236105918884
TIRMOO4,547_no2,0.5386804781540583,-1.2372653775208486,0.4211153660016629,65,3343.5427672863007
TIRMOO4,1028_SWD,0.6172908390576674,-0.9648299800662717,0.32726480186908735,104,3825.6966145038605
TIRMOO4,646_fri_c3_500_10,0.2722353653767672,-2.602176545938386,0.907714036836359,59,2507.2034211158752
TIRMOO4,598_fri_c0_1000_25,0.27908899373975365,-2.5524491480890874,0.9228224982556419,50,2315.499378681183
TIRMOO4,230_machine_cpu,48.4748539784047,7.762090377633801,0.9250416693457797,14,3692.3908245563507
TIRMOO4,663_rabe_266,7.533080311599914,4.038608060180625,0.9819566050861257,14,2551.246464729309
TIRMOO4,608_fri_c3_1000_10,0.26809473085440455,-2.6328297751818655,0.941162779975765,62,2764.0349740982056
TIRMOO4,621_fri_c0_100_10,0.4086137824111704,-1.789969732704183,0.7893803185562045,38,1951.460262298584
TIRMOO4,617_fri_c3_500_5,0.32855852140582337,-2.2260806191394455,0.866938190747705,59,3094.0487163066864
TIRMOO4,649_fri_c0_500_5,0.3089256492110424,-2.3493092969548095,0.8995693240921184,50,3403.6024878025055
TIRMOO4,626_fri_c2_500_50,0.3265251277789541,-2.2384967443777115,0.8924808066947509,65,2005.08669090271
TIRMOO4,666_rmftsa_ladata,1.4765675264986042,0.7794403106475237,0.6615691102137016,44,3562.083191871643
TIRMOO4,658_fri_c3_250_25,0.25828442129593554,-2.707387786284712,0.944229681074637,62,1928.4242630004883
TIRMOO4,712_chscase_geyser1,6.4496029694506865,3.7280371475783243,0.7527152565429186,8,3754.2794086933136
TIRMOO4,1030_ERA,1.5323797008225934,0.8536437741989515,0.45898085767883057,41,3644.74569106102
TIRMOO4,706_sleuth_case1202,43.57097209444821,7.548782301952717,0.7086649673346433,22,2880.7258217334747
TIRMOO4,651_fri_c0_100_25,0.49849727122236276,-1.3923143271448648,0.6807161089789908,38,1728.696611881256
TIRMOO4,601_fri_c1_250_5,0.42519929927831457,-1.7103945609941769,0.8028045974623249,41,3074.5165770053864
TIRMOO4,618_fri_c3_1000_50,0.3369946589084159,-2.175376395383645,0.8818858357802736,62,2238.16055059433
TIRMOO4,645_fri_c3_500_50,0.2793256510038769,-2.550753939838233,0.9178001676419812,53,1968.1874885559082
TIRMOO4,584_fri_c4_500_25,0.2728208559046254,-2.5978798093435786,0.9291162566808319,65,2090.88458609581
TIRMOO4,1027_ESL,0.4973391333234897,-1.3969662495518893,0.8676908879692958,20,3476.6671330928802
TIRMOO4,1027_ESL,0.48311153333497014,-1.4550154682184175,0.8790769534531954,20,3400.8691964149475
TIRMOO4,643_fri_c2_500_25,0.32150279902295287,-2.269498058411299,0.8983733982258864,62,2071.321492433548
TIRMOO4,656_fri_c1_100_5,0.45808047926225826,-1.5614207827829687,0.7640728947931641,29,2126.302796125412
TIRMOO4,653_fri_c0_250_25,0.3078416010390059,-2.356339821275947,0.8985947756137673,50,2003.8214280605316
TIRMOO4,590_fri_c0_1000_50,0.26383764904798723,-2.6648426614642475,0.9236144436676922,50,2198.2127215862274
TIRMOO4,627_fri_c2_500_10,0.36956824132154853,-1.9908397401337405,0.8788708576612851,62,2588.8865189552307
TIRMOO4,192_vineyard,2.406129475577799,1.7560388594558878,0.7319033895058815,13,3475.263186454773
TIRMOO4,612_fri_c1_1000_5,0.2849188963452992,-2.5111014268788714,0.9229860208772707,71,3677.4009172916412
TIRMOO4,1028_SWD,0.6407453273396354,-0.8902464125009693,0.3929437434828472,56,3720.641139268875
TIRMOO4,606_fri_c2_1000_10,0.3094159927344459,-2.3461373053377206,0.8977317903553237,62,2903.408704996109
TIRMOO4,586_fri_c3_1000_25,0.3082774267571902,-2.3535103304067193,0.8983806029326493,62,2335.0961101055145
TIRMOO4,591_fri_c1_100_10,0.6701629073124127,-0.8004689018194642,0.11816246027318733,20,1727.420093536377
TIRMOO4,192_vineyard,1.9892666934937688,1.3755321501867812,0.6272219875944405,14,3393.230123758316
TIRMOO4,594_fri_c2_100_5,0.7986411776853273,-0.4496870466831051,0.2697363329376997,32,2158.228896856308
TIRMOO4,1029_LEV,0.6610124843992637,-0.8279651043384568,0.5158050703327938,26,3576.1059379577637
TIRMOO4,594_fri_c2_100_5,0.47369534092134435,-1.4943818092113343,0.7994549962337157,29,1955.1857163906097
TIRMOO4,647_fri_c1_250_10,0.4743435156213897,-1.4916470065328669,0.7635575548399787,56,2198.084447145462
TIRMOO4,621_fri_c0_100_10,0.46026549247267773,-1.5519035968821144,0.7994464936188155,32,1678.3340291976929
TIRMOO4,542_pollution,33.5128241974806,7.023856354884691,0.6425892192435672,20,3622.8658962249756
TIRMOO4,583_fri_c1_1000_50,0.2927136549426526,-2.4571208694128055,0.901296115716166,62,2301.3571770191193
TIRMOO4,207_autoPrice,1965.193864593766,15.166692356526488,0.899001361949814,29,3218.4315872192383
TIRMOO4,620_fri_c1_1000_25,0.2974971040879999,-2.424701576403627,0.9069412100967603,62,2319.421001434326
TIRMOO4,641_fri_c1_500_10,0.32839749940395824,-2.22706103183064,0.8931950549460829,65,2683.3222994804382
TIRMOO4,602_fri_c3_250_10,0.3152970021488735,-2.3084804408177035,0.9105482204574112,61,2361.8581087589264
TIRMOO4,1027_ESL,0.5351695316282563,-1.2503434014686834,0.8609448960024642,17,3416.9183440208435
TIRMOO4,603_fri_c0_250_50,0.31227890129754887,-2.3277171521219606,0.8917499407942442,50,1883.642324924469
TIRMOO4,599_fri_c2_1000_5,0.3132946999116246,-2.321221996284858,0.8841139137497903,68,3601.426465034485
TIRMOO4,557_analcatdata_apnea1,1759.111806672002,14.94512861070171,0.7832548530889094,37,3499.506460428238
TIRMOO4,590_fri_c0_1000_50,0.299603709639061,-2.4105892908857895,0.9150953552141756,50,2228.0642306804657
TIRMOO4,617_fri_c3_500_5,0.31936837536664603,-2.2828201214624144,0.8903552010444629,59,3023.5636715888977
TIRMOO4,623_fri_c4_1000_10,0.2955100273096563,-2.438105018691393,0.9156386062430734,62,2738.9721508026123
TIRMOO4,678_visualizing_environmental,3.5679836563136833,2.5440012681553976,0.14912895398058346,20,3522.960475921631
TIRMOO4,485_analcatdata_vehicle,222.97509042601015,10.814120126190913,0.41535857019605926,25,2396.854822397232
TIRMOO4,706_sleuth_case1202,74.85588000582044,8.631129329944345,0.20633542890833567,16,2925.5629251003265
TIRMOO4,663_rabe_266,7.138726286419154,3.931068738360117,0.9808990603912742,14,2517.237868785858
TIRMOO4,547_no2,0.5065014707460074,-1.3604561031085274,0.5835699268422035,56,3369.347957611084
TIRMOO4,712_chscase_geyser1,5.664939954514834,3.468592590088486,0.729911345108547,8,3727.368866443634
TIRMOO4,649_fri_c0_500_5,0.2747531324875026,-2.5837645690700017,0.9062733346057963,50,3380.283401489258
TIRMOO4,607_fri_c4_1000_50,0.30597792145886094,-2.3684846634561394,0.9002188499440624,67,2217.113032579422
TIRMOO4,706_sleuth_case1202,56.27082951598509,8.060352550091759,-0.28054174919554153,17,2928.2712161540985
TIRMOO4,616_fri_c4_500_50,0.3237795546745998,-2.25538476312949,0.9029054627717414,62,2010.825162410736
TIRMOO4,210_cloud,0.30957475593455636,-2.3451113565400474,0.9364411607845573,17,3020.6987113952637
TIRMOO4,596_fri_c2_250_5,0.4012685065627003,-1.8262489666537367,0.8440659339081903,35,2985.792353630066
TIRMOO4,596_fri_c2_250_5,0.46193097478756767,-1.5446796085683703,0.7961254276189749,29,2909.285630941391
TIRMOO4,229_pwLinear,1.5631815689154407,0.8934464232498953,0.8816557756737801,64,2023.5326716899872
TIRMOO4,1029_LEV,0.638014725731763,-0.8987878296388867,0.5374286474425265,44,3599.632340669632
TIRMOO4,207_autoPrice,1737.1091959412881,14.919955257881345,0.812194969694356,29,3235.1900725364685
TIRMOO4,657_fri_c2_250_10,0.36533184642168526,-2.0138983403284074,0.8579986684101389,65,2431.307236433029
TIRMOO4,523_analcatdata_neavote,1.0995270780302224,0.18976031658978648,0.9126877892216259,8,3564.6575920581818
TIRMOO4,230_machine_cpu,51.44667191111848,7.8810915486018525,0.9397267327564374,32,3727.766222715378
TIRMOO4,586_fri_c3_1000_25,0.2986477081467065,-2.4169812677548896,0.9154939566913756,59,2329.3978984355927
TIRMOO4,195_auto_price,1962.5428619979896,15.163992579853186,0.7602871679433725,26,3256.0715823173523
TIRMOO4,192_vineyard,2.561511290802666,1.8811948645489003,0.5467539441235594,14,3494.7846755981445
TIRMOO4,649_fri_c0_500_5,0.26770708777252583,-2.6357237045119772,0.9151293885945535,50,3390.123959302902
TIRMOO4,648_fri_c1_250_50,0.4814434306845088,-1.4619330804880857,0.6974097915802719,32,1530.5914573669434
TIRMOO4,1089_USCrime,23.118696409933595,6.281283317122335,0.5427584239109724,11,3599.3020148277283
TIRMOO4,523_analcatdata_neavote,0.8458095751483118,-0.3349220663785998,0.955492619113791,8,3579.1461684703827
TIRMOO4,594_fri_c2_100_5,0.6304462590427251,-0.9226547253390128,0.6277540707058609,32,1895.6983547210693
TIRMOO4,631_fri_c1_500_5,0.29337715481311166,-2.452592559854889,0.9220139785573291,62,3396.2556445598602
TIRMOO4,623_fri_c4_1000_10,0.3400831526504269,-2.1571302493091356,0.8829365078117175,62,2593.5190455913544
TIRMOO4,584_fri_c4_500_25,0.2679897950390139,-2.6336127548178174,0.9190452969975016,62,2054.7544283866882
TIRMOO4,589_fri_c2_1000_25,0.27198265101871993,-2.60403399547955,0.931805641522953,71,2374.6151580810547
TIRMOO4,593_fri_c1_1000_10,0.2617199000174414,-2.680960862003516,0.9331127264551249,68,3054.746295928955
TIRMOO4,644_fri_c4_250_25,0.2768345413706407,-2.56867054967058,0.9076623839912027,59,1939.169976234436
TIRMOO4,626_fri_c2_500_50,0.4387749253260182,-1.6475373919116199,0.796175802768537,62,2048.998216152191
TIRMOO4,560_bodyfat,0.6752287681466499,-0.7854074595115399,0.992186918930711,8,3323.142388343811
TIRMOO4,666_rmftsa_ladata,1.6545464930383724,1.0070538978894739,0.7378049780572395,64,3564.365797519684
TIRMOO4,602_fri_c3_250_10,0.4179499914588089,-1.7447869825457762,0.8668097405438413,56,2332.683550596237
TIRMOO4,612_fri_c1_1000_5,0.2824127677501714,-2.5287711256102714,0.9132450501255842,62,3736.523149251938
TIRMOO4,557_analcatdata_apnea1,1027.9128121630176,13.870571258694568,0.9120492856556897,25,3481.4072222709656
TIRMOO4,522_pm10,0.8529964563788058,-0.31799977160589776,0.05529514950493253,77,3316.4430055618286
TIRMOO4,210_cloud,0.5147653922081598,-1.3280880624455793,0.7952804612785136,19,3150.117676258087
TIRMOO4,1096_FacultySalaries,1.289727726194246,0.5088622622610708,0.7748203676030636,8,3749.977691888809
TIRMOO4,527_analcatdata_election2000,29985.254700883295,20.61692205968623,0.9295321858639953,8,2705.840090274811
TIRMOO4,627_fri_c2_500_10,0.2884170449835959,-2.4866955468658456,0.9313972090842126,65,2551.0023889541626
TIRMOO4,687_sleuth_ex1605,10.64294003797127,4.729793530205075,-0.021656491522181742,14,3545.8893535137177
TIRMOO4,505_tecator,2.217926001186239,1.5931450510320095,0.9727372764482339,8,2328.4502799510956
TIRMOO4,631_fri_c1_500_5,0.25929968422107724,-2.6995416085026114,0.938873986125663,62,3370.950087785721
TIRMOO4,579_fri_c0_250_5,0.3957527863906868,-1.8539310789214871,0.846873132236821,41,3015.3046002388
TIRMOO4,657_fri_c2_250_10,0.4476524075444451,-1.6074764474631824,0.8156569432658524,74,2386.733040332794
TIRMOO4,593_fri_c1_1000_10,0.27449658594177523,-2.5856329109609573,0.9303860140076124,65,2793.8143076896667
TIRMOO4,635_fri_c0_250_10,0.2991054978671335,-2.4139178642945764,0.8922241344119912,50,2246.7647342681885
TIRMOO4,589_fri_c2_1000_25,0.3224461413984965,-2.263638320216896,0.893776063423881,71,2364.987672805786
TIRMOO4,579_fri_c0_250_5,0.4477051388600752,-1.607240870889766,0.7696975286408179,32,3060.8857793807983
TIRMOO4,582_fri_c1_500_25,0.2721000947599514,-2.603170569877715,0.9142845795014919,62,2095.5201795101166
TIRMOO4,635_fri_c0_250_10,0.3405233184925298,-2.1545433452925993,0.8513816592635048,50,2224.6802439689636
TIRMOO4,706_sleuth_case1202,58.52569214101533,8.138931679446733,0.5987643475964236,22,2792.559001684189
TIRMOO4,590_fri_c0_1000_50,0.2934502105831203,-2.452094588732927,0.9081959981467014,50,2220.0704460144043
TIRMOO4,561_cpu,44.239777115817304,7.5792486382643185,0.9346849496852189,14,3190.544531583786
TIRMOO4,596_fri_c2_250_5,0.5661145346901223,-1.1379177262816762,0.6410494174844762,29,3010.0039355754852
TIRMOO4,641_fri_c1_500_10,0.33833982166341103,-2.1674089980559255,0.8963563160400717,65,2567.4722833633423
TIRMOO4,597_fri_c2_500_5,0.31399069356773934,-2.3167838636648175,0.8967335258320089,71,3302.0247411727905
TIRMOO4,604_fri_c4_500_10,0.41706229404711653,-1.749039364272454,0.8543991778385088,56,2557.1026406288147
TIRMOO4,590_fri_c0_1000_50,0.3012013596394334,-2.399952537982886,0.9034206267562246,50,2208.9952986240387
TIRMOO4,602_fri_c3_250_10,0.3335079306197014,-2.196177267880156,0.8905716393035401,62,2263.2223975658417
TIRMOO4,207_autoPrice,2207.5994815557297,15.399321993440232,0.8130818277888429,25,3217.0028517246246
TIRMOO4,647_fri_c1_250_10,0.32866790286915587,-2.2254149035790096,0.8816582448916909,62,2352.1461782455444
TIRMOO4,650_fri_c0_500_50,0.30034036243144135,-2.4056778119871227,0.8978116632394963,50,2031.708981513977
TIRMOO4,1029_LEV,0.5942504751621845,-1.0409087462846953,0.560945081423837,32,3564.037871360779
TIRMOO4,599_fri_c2_1000_5,0.2936724603628815,-2.450580426181386,0.9130239776087155,62,3650.157652616501
TIRMOO4,596_fri_c2_250_5,0.4955522328573149,-1.40416503264635,0.7194066256842895,29,3024.900369644165
TIRMOO4,712_chscase_geyser1,5.275350596254374,3.3260902817968367,0.8419678879334307,8,3729.8787722587585
TIRMOO4,596_fri_c2_250_5,0.49988055467135417,-1.3867721995123106,0.7187034728609756,29,3064.650290250778
TIRMOO4,586_fri_c3_1000_25,0.3031427023563581,-2.387103238938891,0.9048820441559003,59,2373.8080019950867
TIRMOO4,1030_ERA,1.5604728729107697,0.8899777979790012,0.35555733506739273,46,3614.9684925079346
TIRMOO4,592_fri_c4_1000_25,0.2956258757479977,-2.4373211147584715,0.9157230730377419,62,2312.7105107307434
TIRMOO4,712_chscase_geyser1,6.201268799832107,3.649507832496595,0.7831157532384302,8,3725.392809152603
TIRMOO4,657_fri_c2_250_10,0.3729673909811162,-1.9725285736062221,0.8784760690436166,71,2394.141542196274
TIRMOO4,590_fri_c0_1000_50,0.29463446617320893,-2.4440395773531502,0.918559800061289,50,2262.46719956398
TIRMOO4,519_vinnie,1.4662265951803952,0.7653843169836726,0.7147332995201134,8,3552.9705600738525
TIRMOO4,613_fri_c3_250_5,0.5162601202451029,-1.3222890630373876,0.750598713796704,29,2701.690285205841
TIRMOO4,620_fri_c1_1000_25,0.27891149574106705,-2.5537215341032176,0.9105129355305718,62,2377.238458633423
TIRMOO4,603_fri_c0_250_50,0.9554397354479989,-0.09116717702446739,0.17029749859634014,50,1893.7763104438782
TIRMOO4,658_fri_c3_250_25,0.339729728221781,-2.1592097889614803,0.8828370457184999,59,1952.6499993801117
TIRMOO4,589_fri_c2_1000_25,0.2913071693656273,-2.466754007394266,0.9108227216270338,68,2425.118460893631
TIRMOO4,608_fri_c3_1000_10,0.3545795459005892,-2.073645138362299,0.8704887175710654,62,2848.1093533039093
TIRMOO4,646_fri_c3_500_10,0.2737864367319499,-2.590813808983144,0.9019931763618186,59,2421.2879886627197
TIRMOO4,230_machine_cpu,57.155493243280546,8.09155101072811,0.5873681476073324,14,3713.290072441101
TIRMOO4,1096_FacultySalaries,1.5521540224944477,0.8792873162698082,0.7953929036229369,8,3722.071370601654
TIRMOO4,522_pm10,1.1564958646440342,0.29078925386404136,-0.6832158544330751,77,3295.697334289551
TIRMOO4,592_fri_c4_1000_25,0.35093338462232804,-2.0943177218579074,0.871671605453201,59,2306.616714477539
TIRMOO4,690_visualizing_galaxy,35.79275239386683,7.155490851625565,0.862119143453782,11,3613.209849357605
TIRMOO4,635_fri_c0_250_10,0.3008870332901319,-2.4020407787232747,0.9076486625244028,53,2335.1981716156006
TIRMOO4,1028_SWD,0.6285287177573927,-0.9287471189241341,0.3591039113469301,74,3688.520554304123
TIRMOO4,593_fri_c1_1000_10,0.27759973279066963,-2.5631500258391697,0.9140063717417299,62,2995.5960414409637
TIRMOO4,505_tecator,1.767787480605034,1.139457507425526,0.9858839293289463,8,2085.2360751628876
TIRMOO4,595_fri_c0_1000_10,0.30621399357476264,-2.3669421920722096,0.9024530204123384,50,2854.2520780563354
TIRMOO4,228_elusage,10.84195656520953,4.766846949339552,0.763146299050762,8,3063.749883890152
TIRMOO4,594_fri_c2_100_5,0.6663127689863265,-0.8119921911551448,0.5395161947570027,38,2092.2764995098114
TIRMOO4,230_machine_cpu,66.56834899994118,8.396458448685571,0.868695886379329,14,3658.798528432846
TIRMOO4,1028_SWD,0.6107514463672105,-0.9861304013300058,0.450682522148925,83,3740.6759417057037
TIRMOO4,598_fri_c0_1000_25,0.3008221884956907,-2.4024718493623434,0.9039770923361063,50,2328.156163215637
TIRMOO4,606_fri_c2_1000_10,0.28709837341316635,-2.495860714894086,0.9166657401229992,68,3008.3337461948395
TIRMOO4,1089_USCrime,20.491668363403257,6.040036764470881,0.6608094553511505,14,3515.6532731056213
TIRMOO4,579_fri_c0_250_5,0.45255939257296046,-1.5856725403007277,0.7931746218511226,38,2946.7667524814606
TIRMOO4,627_fri_c2_500_10,0.2884306146849614,-2.4866014513025503,0.9124404125193988,68,2511.8298830986023
TIRMOO4,579_fri_c0_250_5,0.4690859656598716,-1.5139384633648136,0.6992852671997489,32,3038.218597650528
TIRMOO4,505_tecator,1.914755519482017,1.299179896831543,0.9820297482621123,8,2118.216103553772
TIRMOO4,609_fri_c0_1000_5,0.31417418839235234,-2.3156154135645215,0.890775180641477,50,3612.0024967193604
TIRMOO4,557_analcatdata_apnea1,1304.1066133519832,14.346546995700091,0.8447810642354032,28,3467.509953737259
TIRMOO4,523_analcatdata_neavote,0.8929912750054423,-0.22635693716800953,0.9418848080955686,8,3545.423326730728
TIRMOO4,597_fri_c2_500_5,0.34941260837667204,-2.103003592277093,0.8649544650464878,64,3251.4386596679688
TIRMOO4,195_auto_price,2501.400943592851,15.649212462681257,0.8025363537405862,28,3287.2910351753235
TIRMOO4,648_fri_c1_250_50,0.48341932721991965,-1.45374165935037,0.8018157674593168,38,1576.1414756774902
TIRMOO4,593_fri_c1_1000_10,0.2555845523857756,-2.728403989960992,0.9359258004726234,71,2982.1892998218536
TIRMOO4,605_fri_c2_250_25,0.4469453726913849,-1.6106378011615412,0.771683216140039,62,1952.0657033920288
TIRMOO4,611_fri_c3_100_5,0.4461780710838987,-1.614074288252383,0.8222752824419429,35,1890.0317838191986
TIRMOO4,645_fri_c3_500_50,0.3366590592366872,-2.1773691087938283,0.8860494894184696,56,1990.5462126731873
TIRMOO4,583_fri_c1_1000_50,0.24957307462982864,-2.7760070447698073,0.9404052740930229,68,2224.5543439388275
TIRMOO4,656_fri_c1_100_5,0.6045502951187774,-1.0065408223985441,0.6958879128484218,29,1966.7285051345825
TIRMOO4,505_tecator,1.8787180514395623,1.2611793134373337,0.9821983241608749,8,2353.166077375412
TIRMOO4,666_rmftsa_ladata,1.4841961025883408,0.7897465612323354,0.8071198235624478,74,3491.7354888916016
TIRMOO4,651_fri_c0_100_25,0.4585073697903637,-1.5595578274343345,0.8284142860665672,38,1781.2212057113647
TIRMOO4,695_chatfield_4,20.137202889717443,6.005137988628842,0.8079355736282103,20,1914.548062324524
TIRMOO4,627_fri_c2_500_10,0.3445550465716656,-2.131002828875282,0.9076083662994091,62,2632.5572834014893
TIRMOO4,584_fri_c4_500_25,0.2774486006441295,-2.564239171711132,0.9169969214366734,62,2101.9075548648834
TIRMOO4,616_fri_c4_500_50,0.410603350001789,-1.7802552312684359,0.8404121706253774,56,2028.3939735889435
TIRMOO4,207_autoPrice,1866.3804386913505,15.063512479765105,0.9127771278905191,29,3239.4363141059875
TIRMOO4,620_fri_c1_1000_25,0.31578225575452057,-2.3054047339539143,0.9144721604287328,62,2413.4808547496796
TIRMOO4,505_tecator,2.1246938820737546,1.507255473009374,0.9818487667331195,8,2038.16095495224
TIRMOO4,230_machine_cpu,34.56600756751845,7.085741517815633,0.8736371454048966,14,3714.4090583324432
TIRMOO4,599_fri_c2_1000_5,0.3108054767878078,-2.3371760781230195,0.9048395952498559,68,3723.5336360931396
TIRMOO4,582_fri_c1_500_25,0.28696728265907345,-2.49677413484865,0.9169435636041754,65,2148.5947420597076
TIRMOO4,624_fri_c0_100_5,0.5738160423193025,-1.110892835585497,0.6042155578287391,32,1949.3061780929565
TIRMOO4,604_fri_c4_500_10,0.3076015472384052,-2.357900022658943,0.8960205762865427,56,2656.6958332061768
TIRMOO4,637_fri_c1_500_50,0.2643880853611061,-2.6606744699014677,0.9379957432419407,65,1996.2606308460236
TIRMOO4,1028_SWD,0.6080169078779261,-0.9951051767857731,0.4128113797913632,92,3665.0708181858063
TIRMOO4,607_fri_c4_1000_50,0.29296635779461905,-2.4553949927419123,0.9147130832691969,65,2179.490614414215
TIRMOO4,706_sleuth_case1202,52.66641906425606,7.927956086072424,0.728188645909376,17,2827.4779098033905
TIRMOO4,586_fri_c3_1000_25,0.21458122221130188,-3.0781339079185797,0.9551111161888808,62,2313.251682281494
TIRMOO4,594_fri_c2_100_5,0.6105335483626411,-0.9868440693364805,0.5566917346572118,35,2123.0009310245514
TIRMOO4,228_elusage,9.559884535387129,4.515151298203992,0.5709063441505084,8,3088.402200937271
TIRMOO4,584_fri_c4_500_25,0.5534615106812282,-1.1831261346319144,0.7178653947074434,44,1811.7788999080658
TIRMOO4,650_fri_c0_500_50,0.30858665375117483,-2.351505175432342,0.9125883666933914,50,2029.13823056221
TIRMOO4,612_fri_c1_1000_5,0.25570670505100945,-2.7274483493879824,0.9413602428892907,62,3708.55780172348
TIRMOO4,641_fri_c1_500_10,0.39064454000264587,-1.879914474671553,0.8497495939179018,59,2473.8313977718353
TIRMOO4,505_tecator,2.1097796112078817,1.493166984736436,0.9784188467248783,8,2316.4281644821167
TIRMOO4,687_sleuth_ex1605,12.64539857197857,5.074586799500034,0.25883612957498203,23,3587.4522733688354
TIRMOO4,678_visualizing_environmental,2.821051655781275,2.074219486023655,0.11125680250574765,23,3646.306273460388
TIRMOO4,547_no2,0.5476946455398514,-1.2040747270097982,0.3810145032031087,64,3414.9991319179535
TIRMOO4,608_fri_c3_1000_10,0.2482926708150795,-2.786294208724128,0.9451108607827657,65,2806.58699631691
TIRMOO4,523_analcatdata_neavote,1.1477602333868582,0.2756248402982883,0.89978749137778,8,3516.1731872558594
TIRMOO4,602_fri_c3_250_10,0.30593035069400815,-2.3687956300968174,0.9262561846789283,62,2356.9511375427246
TIRMOO4,647_fri_c1_250_10,0.4543653787617072,-1.577707211166566,0.7879706555270429,59,2201.798882007599
TIRMOO4,1027_ESL,0.5251985021312712,-1.287957977108762,0.8701816500400439,20,3471.89141869545
TIRMOO4,229_pwLinear,1.6070786349550144,0.9488360366484786,0.8808170637278557,64,2018.4975340366364
TIRMOO4,522_pm10,0.7605749867849084,-0.5473611403822003,0.27238438479963356,77,3374.7202410697937
TIRMOO4,648_fri_c1_250_50,0.2828207757398799,-2.5258837664627314,0.9184661570736752,62,1859.9221057891846
TIRMOO4,628_fri_c3_1000_5,0.26599213460073723,-2.6485770796155506,0.9288742057190101,62,3338.168514251709
TIRMOO4,690_visualizing_galaxy,27.421621212529203,6.622663595139515,0.9161193823912613,14,3487.0311563014984
TIRMOO4,605_fri_c2_250_25,0.4782536938187046,-1.475227894153911,0.7875836538898594,71,1939.443205356598
TIRMOO4,598_fri_c0_1000_25,0.2756643939797903,-2.577142233980401,0.9193723448062581,50,2329.0802009105682
TIRMOO4,643_fri_c2_500_25,0.3196837597410084,-2.2808460452790102,0.8899401343630764,71,2083.183169364929
TIRMOO4,641_fri_c1_500_10,0.3458073272912923,-2.1237470331335455,0.8618600549553526,65,2594.2902624607086
TIRMOO4,616_fri_c4_500_50,0.24620923018604154,-2.803147150666466,0.9434483799496943,62,2024.7963528633118
TIRMOO4,527_analcatdata_election2000,24645.416829027563,20.224692464653685,0.9295833810329125,8,2552.2976109981537
TIRMOO4,621_fri_c0_100_10,0.35651677274359755,-2.062747983730777,0.8777414535849002,38,1950.7020478248596
TIRMOO4,547_no2,0.5598604836081701,-1.1601353254131122,0.3745090998787952,58,3378.7758281230927
TIRMOO4,595_fri_c0_1000_10,0.2906081084824864,-2.4715592513604236,0.9134386888544495,50,2807.729284286499
TIRMOO4,635_fri_c0_250_10,0.3589595192266991,-2.049091313331865,0.8292741801784742,50,2268.016131401062
TIRMOO4,590_fri_c0_1000_50,0.31978127973479487,-2.2802360354206295,0.8848401464790079,50,2218.785353899002
TIRMOO4,637_fri_c1_500_50,0.27722434374418725,-2.5658563907547527,0.9153728734899986,62,1999.2583138942719
TIRMOO4,601_fri_c1_250_5,0.526432443392896,-1.2832645365699016,0.720673788269744,29,3186.8233177661896
TIRMOO4,607_fri_c4_1000_50,0.4058012290773025,-1.8037836456380105,0.8449030290830205,65,2192.9977085590363
TIRMOO4,228_elusage,16.115770892901214,5.559596702202591,0.679951826145976,8,3257.85790681839
TIRMOO4,622_fri_c2_1000_50,0.2985047083195763,-2.4179391460179294,0.9206220797201897,68,2231.435911655426
TIRMOO4,635_fri_c0_250_10,0.403052424457258,-1.8173772799879166,0.8127965207855313,50,2329.963803052902
TIRMOO4,1089_USCrime,18.328170779174677,5.816878526092331,0.7625003287005018,14,3532.4712505340576
TIRMOO4,712_chscase_geyser1,6.866774315431686,3.8533889280183145,0.7407631381292819,8,3737.1194784641266
TIRMOO4,607_fri_c4_1000_50,0.27068505278596544,-2.613598601566904,0.9277244037746827,65,2231.1605367660522
TIRMOO4,485_analcatdata_vehicle,287.02995493398305,11.319173165810913,-0.08296412557045763,20,2258.9650642871857
TIRMOO4,527_analcatdata_election2000,3287.1360415645704,16.19554392113399,0.9972349225735444,8,2700.4380910396576
TIRMOO4,651_fri_c0_100_25,0.5159035666383993,-1.3236708346513946,0.7566126563386086,38,1512.7636044025421
TIRMOO4,547_no2,0.59597767237899,-1.035104150139763,0.3456503686603195,62,3375.5897595882416
TIRMOO4,624_fri_c0_100_5,0.7722164707011273,-0.5169807316003676,0.3562485210612306,29,2146.974147796631
TIRMOO4,678_visualizing_environmental,2.7436283620446553,2.018562528237261,0.3774833606907714,20,3589.607718706131
TIRMOO4,601_fri_c1_250_5,0.6589120168741038,-0.8343305268947225,0.5954643287110515,26,3052.637574672699
TIRMOO4,654_fri_c0_500_10,0.34462676359038924,-2.130586584465316,0.8685476818415296,50,2671.6875240802765
TIRMOO4,637_fri_c1_500_50,0.3754505934857838,-1.9592567834112298,0.8797488615933207,62,2028.7965023517609
TIRMOO4,527_analcatdata_election2000,15088.285566019795,19.24334786278431,0.9100565907114002,8,2402.023232936859
TIRMOO4,606_fri_c2_1000_10,0.323689293532175,-2.2559423877519533,0.9022002413434405,68,2803.302852153778
TIRMOO4,706_sleuth_case1202,44.15395655758393,7.575365078575978,0.6952203236767265,17,2716.4949338436127
TIRMOO4,607_fri_c4_1000_50,0.273614530799339,-2.592069969994604,0.925040750510268,65,2204.955327987671
TIRMOO4,644_fri_c4_250_25,0.47799015942757356,-1.4763302673483982,0.7504950792363159,44,1682.5603835582733
TIRMOO4,618_fri_c3_1000_50,0.27999608558184363,-2.545959311950907,0.9224669716941193,62,2239.840706348419
TIRMOO4,622_fri_c2_1000_50,0.3280088386682254,-2.2294294476036756,0.8901850455978428,68,2224.887533903122
TIRMOO4,586_fri_c3_1000_25,0.2341835282804757,-2.903300324286013,0.9525375326087465,62,2390.4073419570923
TIRMOO4,582_fri_c1_500_25,0.3386153001909555,-2.1657812473595657,0.8914654717414146,56,2100.837666749954
TIRMOO4,561_cpu,84.2017591904037,8.866431628055388,0.8774892761244979,14,3195.085691213608
TIRMOO4,643_fri_c2_500_25,0.3518818637702736,-2.08891954800823,0.8691773822599729,62,2124.0297570228577
TIRMOO4,591_fri_c1_100_10,0.4512636005553141,-1.5914072601089417,0.7434740994547225,29,1977.7983803749084
TIRMOO4,654_fri_c0_500_10,0.32691904815020456,-2.236085395812801,0.8948552068617426,53,2513.706768512726
TIRMOO4,560_bodyfat,0.4486968230629135,-1.6028156926793977,0.9972545231327766,8,3312.434776544571
TIRMOO4,651_fri_c0_100_25,0.48549728489060795,-1.4451631673294618,0.8285507664541367,38,1770.9309356212616
TIRMOO4,228_elusage,10.857156205279747,4.769648841327846,0.7870727412406089,8,3002.2489063739777
TIRMOO4,626_fri_c2_500_50,0.409452730287964,-1.7858676302082213,0.8164251935692981,62,2024.1354250907898
TIRMOO4,645_fri_c3_500_50,0.3276110654265691,-2.231856300650563,0.8883108923107084,53,1951.049119234085
TIRMOO4,557_analcatdata_apnea1,629.8643501131327,12.891008957841485,0.9617791591169126,28,3479.5593008995056
TIRMOO4,627_fri_c2_500_10,0.47136929940650446,-1.5042268340380607,0.7349908010263172,62,2589.209349155426
TIRMOO4,612_fri_c1_1000_5,0.27033851239195955,-2.6161607113432814,0.9403843493298737,62,3701.301805973053
TIRMOO4,560_bodyfat,0.3679029368349635,-1.9998722684085322,0.9974160858147995,8,3308.235851287842
TIRMOO4,621_fri_c0_100_10,0.6048726068811697,-1.0054748205244612,0.5907669944660667,32,1672.331378698349
TIRMOO4,542_pollution,38.90463941043912,7.322227017125478,0.4176994239650641,17,3594.201057910919
TIRMOO4,1029_LEV,0.6989400784601061,-0.7163805301730989,0.4885364667672256,26,3581.380806684494
TIRMOO4,607_fri_c4_1000_50,0.3037325792124962,-2.383215276717867,0.8949514439205813,65,2215.65789437294
TIRMOO4,542_pollution,41.19972765735007,7.436863292150279,0.4443746931850797,23,3513.347719669342
TIRMOO4,1096_FacultySalaries,2.458697779734996,1.7992637039072943,0.5941920683480751,8,3785.4344005584717
TIRMOO4,622_fri_c2_1000_50,0.2992184135288614,-2.413162984464987,0.9061318236419333,68,2210.734683036804
TIRMOO4,591_fri_c1_100_10,0.6780913624348398,-0.7769464945326916,0.4570771086009926,26,1979.8595187664032
TIRMOO4,631_fri_c1_500_5,0.4046716913584994,-1.8093583584834967,0.843547122340178,56,3229.913766145706
TIRMOO4,658_fri_c3_250_25,0.3231437517705884,-2.2593160056887727,0.9040803017868754,62,1949.712637424469
TIRMOO4,597_fri_c2_500_5,0.3044851368097231,-2.3782660096284967,0.892263296778954,68,3291.8627655506134
TIRMOO4,607_fri_c4_1000_50,0.33012822783738177,-2.2165482615817735,0.8888132479682928,62,2225.9034497737885
TIRMOO4,583_fri_c1_1000_50,0.2900657440614256,-2.475295356069841,0.9148041132255723,62,2251.409680366516
TIRMOO4,657_fri_c2_250_10,0.4402940428566365,-1.640624992098651,0.8247612192076773,67,2376.0269820690155
TIRMOO4,195_auto_price,2167.7982760476943,15.362934624254036,0.887095538005513,31,3295.760794878006
TIRMOO4,654_fri_c0_500_10,0.33825563562927935,-2.167906701867908,0.8608862358604943,50,2555.687719106674
TIRMOO4,608_fri_c3_1000_10,0.26483837705164653,-2.6572710739552443,0.9316992351685667,62,2767.058485031128
TIRMOO4,583_fri_c1_1000_50,0.263371254113814,-2.668381259185521,0.9345918578945895,62,2284.0950977802277
TIRMOO4,658_fri_c3_250_25,0.33441322407654966,-2.190755705740077,0.8828193255555998,61,1937.9736320972443
TIRMOO4,633_fri_c0_500_25,0.2994797082243266,-2.4114172317888944,0.8984965848381705,50,2155.866376876831
TIRMOO4,687_sleuth_ex1605,11.481096641784891,4.881403825233916,0.34169355237828514,17,3583.2460227012634
TIRMOO4,651_fri_c0_100_25,0.558376430589678,-1.1654438745083304,0.7726255521459297,38,1468.369170665741
TIRMOO4,643_fri_c2_500_25,0.28009934472846515,-2.5452218722775704,0.9246047191029925,71,2096.7712614536285
TIRMOO4,597_fri_c2_500_5,0.29523229283826513,-2.4399855983105057,0.9170110753024733,68,3319.295866250992
TIRMOO4,628_fri_c3_1000_5,0.23447231516867173,-2.900835514095047,0.9497263243883852,62,3446.4695389270782
TIRMOO4,584_fri_c4_500_25,0.2678698427263871,-2.6345081558234282,0.935718072343618,62,2096.398495912552
TIRMOO4,618_fri_c3_1000_50,0.3251104200456114,-2.247180800738438,0.9012312508134169,62,2193.7006714344025
TIRMOO4,557_analcatdata_apnea1,1040.1457728947998,13.894232297116096,0.8042246731565375,19,3486.1657824516296
TIRMOO4,229_pwLinear,2.0322898282710162,1.418326303136787,0.8506869348992427,58,2021.6525597572327
TIRMOO4,601_fri_c1_250_5,0.5043017976153851,-1.369160770660778,0.7215051850564136,32,3123.281561613083
TIRMOO4,527_analcatdata_election2000,29445.343494979,20.580582121915466,0.9338562458956347,8,2621.7958903312683
TIRMOO4,643_fri_c2_500_25,0.3144871034181549,-2.313624420603951,0.8976221210032538,62,2098.519192457199
TIRMOO4,1089_USCrime,18.568454550461098,5.842928297971999,0.8287880856017295,14,3506.846424818039
TIRMOO4,663_rabe_266,6.039208317485924,3.5965458601839058,0.9845622894714552,14,2650.902060985565
TIRMOO4,657_fri_c2_250_10,0.3738569906272869,-1.967763865389243,0.8569632588034933,71,2412.2399609088898
TIRMOO4,623_fri_c4_1000_10,0.2976223306297968,-2.423859886239671,0.9123134892342104,62,2814.658757209778
TIRMOO4,1027_ESL,0.5425470786600634,-1.2229608327851227,0.8532551400769937,17,3549.326287508011
TIRMOO4,609_fri_c0_1000_5,0.29508138249052357,-2.4410081756780047,0.914693817064456,50,3639.31285238266
TIRMOO4,633_fri_c0_500_25,0.3058075760761146,-2.3695984223656588,0.9025365345457881,50,2129.1470096111298
TIRMOO4,637_fri_c1_500_50,0.3331039144099969,-2.1986015647910815,0.8599940094412802,59,2031.0163011550903
TIRMOO4,605_fri_c2_250_25,0.29720271767765155,-2.4266816438165946,0.9215685562204073,68,1951.3781843185425
TIRMOO4,649_fri_c0_500_5,0.30684540743335037,-2.362822434144595,0.9012614756920672,50,3369.4958412647247
TIRMOO4,589_fri_c2_1000_25,0.345996836003746,-2.1226512969281357,0.8846243874337006,68,2433.5510342121124
TIRMOO4,616_fri_c4_500_50,0.24246508455404872,-2.8337951203826157,0.9459717471013596,62,1994.9916350841522
TIRMOO4,613_fri_c3_250_5,0.5393019952658954,-1.234959153826013,0.6137564695330414,29,2761.681393623352
TIRMOO4,579_fri_c0_250_5,0.5017044050226233,-1.3794883346757674,0.7463427260830098,32,3086.0846195220947
TIRMOO4,601_fri_c1_250_5,0.5266090267420452,-1.2825937810267913,0.7116447415650013,35,3037.110560655594
TIRMOO4,606_fri_c2_1000_10,0.2971355450688366,-2.427133727172565,0.9088558435147109,68,2933.382491350174
TIRMOO4,591_fri_c1_100_10,0.5012376115877339,-1.381350031407439,0.631971409234743,29,2007.3212780952454
TIRMOO4,637_fri_c1_500_50,0.27106980577951684,-2.6107578107394254,0.9268151904769792,62,1960.1093518733978
TIRMOO4,1089_USCrime,13.146188580973671,5.152263749720967,0.9204833435502355,14,3530.003611087799
TIRMOO4,624_fri_c0_100_5,0.42696431908548854,-1.7021096622113638,0.7395504332870759,32,2002.1655864715576
TIRMOO4,592_fri_c4_1000_25,0.2981939277401152,-2.4200224798067573,0.9130479601926865,59,2260.040985107422
TIRMOO4,594_fri_c2_100_5,0.6225814501625181,-0.9477616311359779,0.34545233521451335,32,2107.4499802589417
TIRMOO4,656_fri_c1_100_5,0.32916336846120037,-2.222402181579753,0.8662675022542383,29,2146.267872095108
TIRMOO4,207_autoPrice,2862.102917257544,15.9186238387563,0.8217632995907482,22,3279.008805513382
TIRMOO4,635_fri_c0_250_10,0.31866084927339866,-2.287255820367365,0.8925940487968848,50,2481.4044218063354
TIRMOO4,1089_USCrime,21.3464240204897,6.121768464921178,0.6752737762296381,14,3543.578320980072
TIRMOO4,654_fri_c0_500_10,0.3095282034706194,-2.3454121301888726,0.9190986152860386,56,2655.000609397888
TIRMOO4,659_sleuth_ex1714,2207.691853649887,15.399405677244681,0.6461146494739483,8,3563.3126361370087
TIRMOO4,613_fri_c3_250_5,0.5223358123641768,-1.2988891584699043,0.7558681145877718,29,2775.4519107341766
TIRMOO4,609_fri_c0_1000_5,0.2844376476587316,-2.5144824281600178,0.9332311464830044,50,3615.5223395824432
TIRMOO4,597_fri_c2_500_5,0.3827269488383008,-1.920866942740322,0.839469703161512,71,3299.1368401050568
TIRMOO4,627_fri_c2_500_10,0.4370878126681916,-1.6552423195046966,0.7918365011492916,62,2645.598956346512
TIRMOO4,663_rabe_266,6.326676359258791,3.689550073068872,0.985200801258681,14,2698.822978258133
TIRMOO4,547_no2,0.5416643815955381,-1.2262173829763199,0.47162638858054706,74,3423.7757732868195
TIRMOO4,1027_ESL,0.6630865380133352,-0.8216995448138358,0.7831664610974491,14,3538.546858549118
TIRMOO4,657_fri_c2_250_10,0.4174248963572112,-1.7473012796759018,0.8227479495598986,52,2401.33407664299
TIRMOO4,229_pwLinear,2.0428181424038994,1.4286605937947041,0.7606600765079413,56,1998.9688398838043
TIRMOO4,592_fri_c4_1000_25,0.27598802356580115,-2.5747956141680346,0.9224370470925365,62,2327.3418188095093
TIRMOO4,616_fri_c4_500_50,0.2706820940291192,-2.6136204629366877,0.9345049994354765,65,1993.1408195495605
TIRMOO4,608_fri_c3_1000_10,0.2569425628979114,-2.717805419468568,0.9445697585482027,62,2893.183993577957
TIRMOO4,596_fri_c2_250_5,0.5192251988834211,-1.3108351614220373,0.7381716414869303,32,3108.374992132187
TIRMOO4,605_fri_c2_250_25,0.3827248134274006,-1.920878101697714,0.8590233460189457,74,1977.7635443210602
TIRMOO4,649_fri_c0_500_5,0.2828030752211325,-2.5260089416562677,0.93074161885987,50,3429.0678312778473
TIRMOO4,633_fri_c0_500_25,0.27528060799887555,-2.5799286176783256,0.9318821045002571,50,2099.694631576538
TIRMOO4,654_fri_c0_500_10,0.32994446387219434,-2.217661859961122,0.8660129081479746,50,2717.192600250244
TIRMOO4,646_fri_c3_500_10,0.2792039557586907,-2.551625480008269,0.9125381589831489,62,2561.6600737571716
TIRMOO4,678_visualizing_environmental,3.2675874334111836,2.368103849324086,-0.06222413018497264,26,3563.2638759613037
TIRMOO4,656_fri_c1_100_5,0.4798116792651646,-1.4687231738557998,0.7647982926490428,29,2092.7909672260284
TIRMOO4,228_elusage,7.253683034472906,3.96301868926147,0.8440603340234448,8,3118.2596538066864
TIRMOO4,647_fri_c1_250_10,0.2733060237063593,-2.5943262913060567,0.9253120207484249,68,2313.0186336040497
TIRMOO4,624_fri_c0_100_5,0.4889536705146486,-1.4309750746390484,0.6880856532366524,32,2112.04901266098
TIRMOO4,608_fri_c3_1000_10,0.24169103494896993,-2.8401901672148115,0.9380695912207735,62,2770.0975518226624
TIRMOO4,590_fri_c0_1000_50,0.28638723568147173,-2.500820826080244,0.9188183161457698,53,2217.2100133895874
TIRMOO4,583_fri_c1_1000_50,0.30283311936801965,-2.3891467727181195,0.8969559188761705,62,2269.150352716446
TIRMOO4,523_analcatdata_neavote,1.2048012943947588,0.3726293048555092,0.8926879170381412,8,3378.4149100780487
TIRMOO4,560_bodyfat,0.7879493463320328,-0.47664294498983273,0.9928233764751853,8,3337.219007730484
TIRMOO4,620_fri_c1_1000_25,0.3083538858453504,-2.3530143511271118,0.9126865826089559,62,2404.248173713684
TIRMOO4,195_auto_price,3308.9507729814995,16.208772862210907,0.6694653201891411,17,3269.3051495552063
TIRMOO4,712_chscase_geyser1,5.8177194381129915,3.5218166716578776,0.8281287856408303,8,3731.3290905952454
TIRMOO4,690_visualizing_galaxy,27.049385602285987,6.595328583251033,0.917141564259091,14,3552.376844882965
TIRMOO4,646_fri_c3_500_10,0.30889759521948473,-2.3494909281370595,0.9102234290583964,62,2486.4231390953064
TIRMOO4,606_fri_c2_1000_10,0.30514213903555804,-2.3739551626160487,0.9012619680760956,62,2927.3160898685455
TIRMOO4,690_visualizing_galaxy,27.32120061175521,6.615325959988985,0.90396356267655,14,3536.634412050247
TIRMOO4,590_fri_c0_1000_50,0.28404520019512774,-2.5172437957363907,0.9160522040231703,50,2216.0315992832184
TIRMOO4,593_fri_c1_1000_10,0.31596953658476845,-2.304218946510143,0.8888557278988807,62,2978.2112357616425
TIRMOO4,604_fri_c4_500_10,0.33342879906040385,-2.196651864981484,0.8982325523362392,56,2653.368766307831
TIRMOO4,663_rabe_266,5.992377056351665,3.5809763417251372,0.9892610059985955,14,2432.8688538074493
TIRMOO4,590_fri_c0_1000_50,0.3146132097634262,-2.312822600326211,0.8925602429485513,50,2259.0394065380096
TIRMOO4,519_vinnie,1.6322475993462662,0.9799159206400351,0.7422420153961651,8,3510.15855884552
TIRMOO4,644_fri_c4_250_25,0.28403091666003805,-2.517344370533809,0.92430480385884,56,1954.8278002738953
TIRMOO4,624_fri_c0_100_5,0.4925163238664422,-1.4164553480255844,0.7165099521255394,32,2133.281082391739
TIRMOO4,612_fri_c1_1000_5,0.28469828657007695,-2.512650606172399,0.9228230227444495,65,3672.56071972847
TIRMOO4,586_fri_c3_1000_25,0.3274998131130222,-2.2325355891085077,0.8991650564859883,59,2298.222286939621
TIRMOO4,592_fri_c4_1000_25,0.27787221580491406,-2.5611878526868477,0.925337384145553,62,2329.000499725342
TIRMOO4,527_analcatdata_election2000,9368.15260560479,18.29014239047864,0.965075308409916,8,2705.168272256851
TIRMOO4,650_fri_c0_500_50,0.30657721612271427,-2.36457125342465,0.9123524462180059,50,2064.4875195026398
TIRMOO4,695_chatfield_4,20.21228610154072,6.012581284726319,0.7855920749816968,28,2173.981840133667
TIRMOO4,618_fri_c3_1000_50,0.34386832815161394,-2.134992923767696,0.8877793899260487,62,2192.1323676109314
TIRMOO4,561_cpu,45.66868429623939,7.64282563570702,0.9546873308653214,14,3248.686248064041
TIRMOO4,601_fri_c1_250_5,0.5830547805442318,-1.0789482676965128,0.5569002355156183,29,3053.8752994537354
TIRMOO4,647_fri_c1_250_10,0.2555048388574934,-2.729027861481664,0.9308760313376365,65,2324.9256541728973
TIRMOO4,626_fri_c2_500_50,0.3699602427882985,-1.988719462081512,0.8632862669645285,65,2037.2784941196442
TIRMOO4,592_fri_c4_1000_25,0.3326195474406757,-2.2015118846614072,0.8888378571084301,65,2332.772792339325
TIRMOO4,1029_LEV,0.647896938569275,-0.8680472813934229,0.5876518241577221,26,3578.7844841480255
TIRMOO4,602_fri_c3_250_10,0.34162153657741057,-2.148103545736501,0.8791429801725973,65,2255.435393333435
TIRMOO4,579_fri_c0_250_5,0.47992376687430316,-1.4682560134102873,0.7318137483410292,41,2964.2583351135254
TIRMOO4,591_fri_c1_100_10,0.5106932735696073,-1.3439722328332675,0.7167357624005773,23,1998.3988049030304
TIRMOO4,622_fri_c2_1000_50,0.31481610997556897,-2.3115331769529566,0.8895863210835635,71,2268.6884400844574
TIRMOO4,603_fri_c0_250_50,0.3041206482621749,-2.3806615740484585,0.868407803135659,50,1875.6441595554352
TIRMOO4,192_vineyard,2.3558677689612217,1.7138182779711546,0.390137134150634,11,3324.184473991394
TIRMOO4,657_fri_c2_250_10,0.3127094402712114,-2.32496165085494,0.9072660621276004,71,2372.8918192386627
TIRMOO4,604_fri_c4_500_10,0.29320742878489164,-2.4537499447415874,0.9129045431312306,59,2631.075935602188
TIRMOO4,663_rabe_266,6.692385514597907,3.801940779487026,0.9837235011225792,14,2584.0602757930756
TIRMOO4,643_fri_c2_500_25,0.36120580305755895,-2.0366147830350734,0.8878244706523959,71,2135.939934492111
TIRMOO4,648_fri_c1_250_50,0.36598969496230954,-2.0103002036356767,0.865288447214018,59,1835.3870046138763
TIRMOO4,644_fri_c4_250_25,0.2938059501460542,-2.4496715261565876,0.9123633830536019,56,1944.587554216385
TIRMOO4,690_visualizing_galaxy,27.16391754015877,6.603779063234765,0.9081111083315728,14,3505.0170459747314
TIRMOO4,598_fri_c0_1000_25,0.2794867450081626,-2.549600822907414,0.9211205596212955,50,2361.120960712433
TIRMOO4,547_no2,0.4963796176531549,-1.4008285736454709,0.4300593085235197,79,3413.8810555934906
TIRMOO4,611_fri_c3_100_5,0.6493902288971963,-0.8634429315627674,0.43197058747921746,35,2121.2552251815796
TIRMOO4,656_fri_c1_100_5,0.5128566962048381,-1.3355176349305828,0.5231578942865844,23,1920.369592666626
TIRMOO4,656_fri_c1_100_5,0.5673824425037529,-1.1334434017163593,0.6848637853762323,29,1961.146856546402
TIRMOO4,643_fri_c2_500_25,0.3177006058372365,-2.2932916615218706,0.8889766164644897,65,2111.908023118973
TIRMOO4,609_fri_c0_1000_5,0.2778034285418524,-2.56168301394945,0.9258080399453413,50,3629.3715493679047
TIRMOO4,631_fri_c1_500_5,0.4063962140472349,-1.8008533971798235,0.8245202454568208,59,3391.2356531620026
TIRMOO4,648_fri_c1_250_50,0.32321864586190074,-2.2588525251897718,0.9035053138511457,65,1849.3791522979736
TIRMOO4,592_fri_c4_1000_25,0.3034399407816543,-2.385143153516403,0.9015004430904349,62,2352.223875284195
TIRMOO4,678_visualizing_environmental,3.7006243257144904,2.617003084190677,0.014097941991448981,26,3671.6611983776093
TIRMOO4,522_pm10,0.8805449947326168,-0.2544285020167716,0.07025145440677016,77,3347.379634618759
TIRMOO4,602_fri_c3_250_10,0.2500324410875916,-2.7723292103763786,0.9446252390024676,59,2273.5695872306824
TIRMOO4,592_fri_c4_1000_25,0.30978246081371247,-2.343769934295657,0.9179436809290201,62,2319.355540037155
TIRMOO4,712_chscase_geyser1,5.869519487193978,3.539545542816547,0.76525425212317,8,3741.8657920360565
TIRMOO4,1027_ESL,0.6667856604770755,-0.810573266640247,0.773413018534714,14,3454.1896908283234
TIRMOO4,485_analcatdata_vehicle,187.10942616990633,10.463387224790631,0.557937506241049,28,2281.4443101882935
TIRMOO4,687_sleuth_ex1605,12.325854877259655,5.02339815752296,-0.3139606352887836,14,3545.6271092891693
TIRMOO4,602_fri_c3_250_10,0.23028506217034084,-2.936874673482792,0.9455288819060292,59,2299.9942030906677
TIRMOO4,1030_ERA,1.621423679128087,0.966609155179429,0.3456907050181033,38,3614.2722976207733
TIRMOO4,650_fri_c0_500_50,0.2908754400843681,-2.4697202887870193,0.921041609361601,56,2027.8122222423553
TIRMOO4,653_fri_c0_250_25,0.35677696574934764,-2.0612888764752424,0.8848626558009418,50,1932.034546136856
TIRMOO4,527_analcatdata_election2000,16112.584121294924,19.374711736210987,0.4650346453933262,8,2763.898993730545
TIRMOO4,617_fri_c3_500_5,0.2787063163478893,-2.5551933622836627,0.8987355185696722,62,2974.68004655838
TIRMOO4,647_fri_c1_250_10,0.2767723022357865,-2.569120248844896,0.9126114703644663,65,2332.201833486557
TIRMOO4,622_fri_c2_1000_50,0.3167531609239659,-2.299264961183282,0.8903723867513591,68,2271.2342462539673
TIRMOO4,1096_FacultySalaries,2.552828086284525,1.8744035961396173,0.8447652405301856,8,3564.0297775268555
TIRMOO4,627_fri_c2_500_10,0.39237853328655703,-1.871056517977605,0.8518878999740519,59,2595.06711101532
TIRMOO4,654_fri_c0_500_10,0.2776328925502161,-2.562911136710019,0.9219486371685267,53,2723.1138541698456
TIRMOO4,589_fri_c2_1000_25,0.34445209396483867,-2.1316005156134072,0.8688210653946087,71,2416.5630514621735
TIRMOO4,606_fri_c2_1000_10,0.3057044672712477,-2.370272873879513,0.900537406532431,62,2903.1603865623474
TIRMOO4,609_fri_c0_1000_5,0.2942943561950956,-2.4463496019469955,0.9178572086814892,50,3624.9336001873016
TIRMOO4,663_rabe_266,6.106799890881296,3.618805773064514,0.9846938169040136,14,2667.1532464027405
TIRMOO4,560_bodyfat,0.3091538169851856,-2.3478326726889227,0.9983882309899682,8,3286.2936611175537
TIRMOO4,648_fri_c1_250_50,0.42444421906117474,-1.71394937145116,0.8009953402254879,59,1836.4017162322998
TIRMOO4,633_fri_c0_500_25,0.31029242069103075,-2.340480267144138,0.9042406186731218,50,2173.7620100975037
TIRMOO4,527_analcatdata_election2000,11030.196583700657,18.616783869454093,0.8211284606384511,8,2636.8336975574493
TIRMOO4,207_autoPrice,3455.6151896536794,16.295511556276495,0.6395150244341434,17,3265.630591392517
TIRMOO4,1030_ERA,1.5145750615973204,0.830269824445756,0.42208646637516767,41,3599.218583345413
TIRMOO4,644_fri_c4_250_25,0.2824905489707828,-2.5282203678519037,0.9084941896937927,59,1937.9952025413513
TIRMOO4,663_rabe_266,6.584369978577079,3.769397310766019,0.9723372660413309,14,2484.5201563835144
TIRMOO4,1030_ERA,1.5024468461967397,0.8141900197882401,0.41294187075403166,41,3593.9776418209076
TIRMOO4,646_fri_c3_500_10,0.23948287907092353,-2.8585467016407073,0.9432729090742871,65,2516.4058883190155
TIRMOO4,590_fri_c0_1000_50,0.2921841095098475,-2.4607423267660407,0.9131395558939434,50,2227.0861992836
TIRMOO4,649_fri_c0_500_5,0.4245422443981129,-1.7134875250420933,0.8258792621558817,47,3388.2653675079346
TIRMOO4,647_fri_c1_250_10,0.3377366415669925,-2.1709777083380515,0.8850267256668665,59,2227.5231392383575
TIRMOO4,519_vinnie,1.682038998067755,1.0400134936314371,0.735546656803835,8,3749.7753295898438
TIRMOO4,599_fri_c2_1000_5,0.2992084517324847,-2.4132295710235514,0.8911224269133252,68,3719.1320033073425
TIRMOO4,210_cloud,0.5490502486564828,-1.199130628107131,0.7260315984197323,14,3003.7170300483704
TIRMOO4,607_fri_c4_1000_50,0.33648081787765327,-2.178428272686859,0.8974897057585307,62,2214.703881263733
TIRMOO4,611_fri_c3_100_5,0.523847120851228,-1.293110782660625,0.7913568330401473,35,2118.284809589386
TIRMOO4,635_fri_c0_250_10,0.3365290763533484,-2.178141450896027,0.8943149500659784,50,2343.658346891403
TIRMOO4,561_cpu,28.223864842779214,6.68033578215837,0.8652179553630348,14,3254.4692742824554
TIRMOO4,230_machine_cpu,55.72310978766138,8.040789916663284,0.7737551779134171,14,3746.668570280075
TIRMOO4,192_vineyard,3.323455376310739,2.402010035387542,0.39590126120467317,14,3477.2723693847656
TIRMOO4,613_fri_c3_250_5,0.567981605278428,-1.1313324917171672,0.6263453741094143,29,2891.726608276367
TIRMOO4,687_sleuth_ex1605,12.974614820010133,5.12598948458448,0.010102188807340928,8,3557.550316095352
TIRMOO4,611_fri_c3_100_5,0.6137570239669728,-0.9763123111870389,0.6854173356650582,29,2076.7478630542755
TIRMOO4,663_rabe_266,7.417133742070984,4.007585388840429,0.9821799844040434,14,2519.3165349960327
TIRMOO4,706_sleuth_case1202,54.24129330940788,7.986884975095739,0.4083568954640403,17,2862.0889337062836
TIRMOO4,599_fri_c2_1000_5,0.2958726746893957,-2.4356521405536324,0.9144082694307668,68,3641.311222076416
TIRMOO4,230_machine_cpu,41.56169809485061,7.454358048542921,0.9205414077592907,14,3759.261714220047
TIRMOO4,561_cpu,32.10459331714733,6.93799822778226,0.948014187866728,11,3210.601782798767
TIRMOO4,582_fri_c1_500_25,0.3565476745929868,-2.0625746369903863,0.8626376472542641,59,2119.1000657081604
TIRMOO4,547_no2,0.563730593529875,-1.146357625303113,0.5674914845459829,77,3383.905945301056
TIRMOO4,620_fri_c1_1000_25,0.33144286564858344,-2.208599670390046,0.8918870426086812,62,2398.85285115242
TIRMOO4,706_sleuth_case1202,65.52654627685425,8.364910694408556,0.642083646923537,14,2953.6879227161407
TIRMOO4,594_fri_c2_100_5,0.628758100389251,-0.9280173486566261,0.6617402168253029,43,2144.350154399872
TIRMOO4,631_fri_c1_500_5,0.2759492832633437,-2.575076372884952,0.933461229484418,70,3364.1975059509277
TIRMOO4,613_fri_c3_250_5,0.4920533374447785,-1.4183363178502018,0.7530356176895502,32,2814.9709050655365
TIRMOO4,658_fri_c3_250_25,0.2844853963921706,-2.5141467150329055,0.9051054190956674,62,1916.8455567359924
TIRMOO4,624_fri_c0_100_5,0.6215501218891408,-0.9510774492786124,0.7026100362120273,32,1971.055585384369
TIRMOO4,598_fri_c0_1000_25,0.28569019068165874,-2.5056946093315147,0.9243883846127393,50,2362.076167821884
TIRMOO4,542_pollution,45.96316396816435,7.655680584780202,0.31201242912478067,20,3628.766937017441
TIRMOO4,598_fri_c0_1000_25,0.2765263914375052,-2.570898028675465,0.9108545266685196,50,2365.8241863250732
TIRMOO4,657_fri_c2_250_10,0.43596901934554744,-1.6603681894092965,0.7865955583006211,55,2228.9712104797363
TIRMOO4,1027_ESL,0.47843149098564147,-1.4744845057464895,0.8890152667270608,20,3381.6467785835266
TIRMOO4,623_fri_c4_1000_10,0.3032431514075945,-2.3864406307891017,0.9098917491535441,59,2650.9620637893677
TIRMOO4,617_fri_c3_500_5,0.3653851964919187,-2.0136062980346323,0.8655050142577869,59,3096.9055404663086
